text,labels,confidence,source,iab_label
terracotta garden tiles,,0.44,synthetic,IAB10 Home & Garden
stone pebble garden paths,,0.44,synthetic,IAB10 Home & Garden
balinese coral stone garden walls,,0.43,synthetic,IAB10 Home & Garden
hive mind home gardeners help save bees food supply,,0.43,natural,IAB10 Home & Garden
60 receive medical attention aviciis td garden show,,0.43,natural,IAB10 Home & Garden
painted iron garden shelves,,0.42,synthetic,IAB10 Home & Garden
gelzinis td garden gets blame disaster,,0.42,natural,IAB10 Home & Garden
balinese coconut fiber garden mats,,0.42,synthetic,IAB10 Home & Garden
solar powered garden lights,,0.42,synthetic,IAB10 Home & Garden
spanish iron scroll garden gates,,0.41,synthetic,IAB10 Home & Garden
organizing garden shed,,0.41,synthetic,IAB10 Home & Garden
bamboo garden fences,,0.4,synthetic,IAB10 Home & Garden
wicker garden storage boxes,,0.4,synthetic,IAB10 Home & Garden
solar garden light installation,,0.4,synthetic,IAB10 Home & Garden
english wooden garden cold frames,,0.39,synthetic,IAB10 Home & Garden
"Gardening can be a great way to relax, beautify homes, and grow food.",,0.39,synthetic,IAB10 Home & Garden
english knot gardens,,0.39,synthetic,IAB10 Home & Garden
balinese carved garden gates,,0.39,synthetic,IAB10 Home & Garden
"Landscaping is an important part of home and garden design, and it can have a significant impact on the overall appearance and functionality of a property.",,0.39,synthetic,IAB10 Home & Garden
greek mosaic floor garden pathways,,0.39,synthetic,IAB10 Home & Garden
choosing wood for garden furniture,,0.39,synthetic,IAB10 Home & Garden
irish stone carved garden animals,,0.38,synthetic,IAB10 Home & Garden
venetian stained glass garden windows,,0.38,synthetic,IAB10 Home & Garden
balinese garden water spouts,,0.38,synthetic,IAB10 Home & Garden
irish slate garden sculptures,,0.38,synthetic,IAB10 Home & Garden
greek mosaic garden borders,,0.38,synthetic,IAB10 Home & Garden
keeping gardening,,0.38,natural,IAB10 Home & Garden
mosquitoes spring garden test positive west nile virus,,0.37,natural,IAB10 Home & Garden
dwarf planet discovered astronomers solar systems backyard,,0.37,natural,IAB10 Home & Garden
slate garden pathways,,0.37,synthetic,IAB10 Home & Garden
balinese river stone garden tables,,0.37,synthetic,IAB10 Home & Garden
scottish river pebble garden paths,,0.37,synthetic,IAB10 Home & Garden
indian phad painting garden screens,,0.37,synthetic,IAB10 Home & Garden
teak garden tables,,0.37,synthetic,IAB10 Home & Garden
strike halts gm plant union rejects offer,,0.37,natural,IAB10 Home & Garden
balinese garden statues,,0.37,synthetic,IAB10 Home & Garden
himalayan quartz garden lights,,0.37,synthetic,IAB10 Home & Garden
building a colonial American garden,,0.37,synthetic,IAB10 Home & Garden
painted iron garden arches,,0.37,synthetic,IAB10 Home & Garden
irish stone garden walling,,0.37,synthetic,IAB10 Home & Garden
bike stolen garden shed sheffield,,0.37,natural,IAB10 Home & Garden
russian birch plywood garden furniture,,0.36,synthetic,IAB10 Home & Garden
greek cycladic garden seating,,0.36,synthetic,IAB10 Home & Garden
painted wood garden gates,,0.36,synthetic,IAB10 Home & Garden
venetian glass mosaic garden tiles,,0.36,synthetic,IAB10 Home & Garden
english rose garden design,,0.36,synthetic,IAB10 Home & Garden
"Gardening can be done in a variety of settings, including backyards, patios, and even indoors.",,0.36,synthetic,IAB10 Home & Garden
irish peat moss garden blocks,,0.36,synthetic,IAB10 Home & Garden
irish linen damask garden covers,,0.36,synthetic,IAB10 Home & Garden
solar garden lights,,0.35,synthetic,IAB10 Home & Garden
scottish slate roof garden sheds,,0.35,synthetic,IAB10 Home & Garden
growing strawberries at home,,0.35,synthetic,IAB10 Home & Garden
concrete garden planters,,0.35,synthetic,IAB10 Home & Garden
japanese stone basin gardens,,0.35,synthetic,IAB10 Home & Garden
greek marble garden stools,,0.35,synthetic,IAB10 Home & Garden
thai celadon pottery garden stools,,0.35,synthetic,IAB10 Home & Garden
english garden tool belts,,0.35,synthetic,IAB10 Home & Garden
french zinc garden watering cans,,0.35,synthetic,IAB10 Home & Garden
english sunken garden design,,0.35,synthetic,IAB10 Home & Garden
rustic wooden garden gates,,0.35,synthetic,IAB10 Home & Garden
swiss cowbell wind chimes for garden,,0.34,synthetic,IAB10 Home & Garden
cast iron garden benches,,0.34,synthetic,IAB10 Home & Garden
Gardening can also be a great way to learn about nature and the environment.,,0.34,synthetic,IAB10 Home & Garden
czech painted garden eggs,,0.34,synthetic,IAB10 Home & Garden
kim kardashian wed kanye west exclusive versailles garden,,0.34,natural,IAB10 Home & Garden
DIY garden irrigation system,,0.34,synthetic,IAB10 Home & Garden
soundtrack change life garden state,,0.34,natural,IAB10 Home & Garden
owns tim hortons,,0.34,natural,IAB10 Home & Garden
greek white stone garden sculptures,,0.34,synthetic,IAB10 Home & Garden
english oak raised garden beds,,0.34,synthetic,IAB10 Home & Garden
french zinc bathtubs in gardens,,0.33,synthetic,IAB10 Home & Garden
portuguese cork yoga mats for garden use,,0.33,synthetic,IAB10 Home & Garden
indoor olive trees,,0.33,synthetic,IAB10 Home & Garden
woven sisal garden mats,,0.33,synthetic,IAB10 Home & Garden
every song garden state soundtrack ranked,,0.33,natural,IAB10 Home & Garden
Gardening is a rewarding hobby that can be enjoyed by people of all ages and backgrounds.,,0.33,synthetic,IAB10 Home & Garden
tatami modular garden benches,,0.33,synthetic,IAB10 Home & Garden
english hand forged garden tools,,0.33,synthetic,IAB10 Home & Garden
painted iron garden chairs,,0.33,synthetic,IAB10 Home & Garden
installing garden pathway lights,,0.33,synthetic,IAB10 Home & Garden
greek white marble garden seats,,0.33,synthetic,IAB10 Home & Garden
ceramic garden stools,,0.33,synthetic,IAB10 Home & Garden
english copper garden dibbers,,0.33,synthetic,IAB10 Home & Garden
balinese carved stone garden orbs,,0.32,synthetic,IAB10 Home & Garden
growing basil indoors,,0.32,synthetic,IAB10 Home & Garden
install garden drip irrigation,,0.32,synthetic,IAB10 Home & Garden
irish bog pine garden benches,,0.32,synthetic,IAB10 Home & Garden
DIY garden hose holder,,0.32,synthetic,IAB10 Home & Garden
cast stone garden benches,,0.32,synthetic,IAB10 Home & Garden
louvre garden infested rats,,0.32,natural,IAB10 Home & Garden
creating a zen garden space,,0.32,synthetic,IAB10 Home & Garden
"Gardening has a number of benefits, including reducing stress, improving physical health, and providing a sense of accomplishment.",,0.32,synthetic,IAB10 Home & Garden
painting ideas for nursery,,0.32,synthetic,IAB10 Home & Garden
building a garden greenhouse,,0.31,synthetic,IAB10 Home & Garden
growing bell peppers indoors,,0.31,synthetic,IAB10 Home & Garden
swedish timber garden sheds,,0.31,synthetic,IAB10 Home & Garden
building a raised garden bed,,0.31,synthetic,IAB10 Home & Garden
japanese shibori garden banners,,0.31,synthetic,IAB10 Home & Garden
td garden cited underage drinking avicii concert incident,,0.31,natural,IAB10 Home & Garden
modular garden seating,,0.31,synthetic,IAB10 Home & Garden
"In the 19th century, gardening became increasingly popular as a way to beautify homes and provide food for families.",,0.31,synthetic,IAB10 Home & Garden
setting up a vertical herb garden,,0.31,synthetic,IAB10 Home & Garden
dwarf planet discovered solar systems backyard,,0.31,natural,IAB10 Home & Garden
reduce allergies gardening,,0.31,natural,IAB10 Home & Garden
balinese coconut husk garden baskets,,0.31,synthetic,IAB10 Home & Garden
garden dibbers wooden,,0.31,synthetic,IAB10 Home & Garden
cuban mosaic garden benches,,0.31,synthetic,IAB10 Home & Garden
elegant louvre garden becoming infested rats,,0.31,natural,IAB10 Home & Garden
DIY garden tool rack,,0.31,synthetic,IAB10 Home & Garden
how to build a garden fence,,0.3,synthetic,IAB10 Home & Garden
venetian glass garden lights,,0.3,synthetic,IAB10 Home & Garden
russian cast iron garden benches,,0.3,synthetic,IAB10 Home & Garden
tips for organizing garden tools,,0.3,synthetic,IAB10 Home & Garden
irish thatched garden gazebos,,0.3,synthetic,IAB10 Home & Garden
malaysian coconut wood garden benches,,0.3,synthetic,IAB10 Home & Garden
house gop leaders craft health plan,,0.3,natural,IAB10 Home & Garden
greek alabaster garden sculptures,,0.3,synthetic,IAB10 Home & Garden
wooden folding garden chairs,,0.3,synthetic,IAB10 Home & Garden
growing arugula at home,,0.3,synthetic,IAB10 Home & Garden
chinese lattice garden screens,,0.3,synthetic,IAB10 Home & Garden
concrete garden sculptures,,0.3,synthetic,IAB10 Home & Garden
create vertical herb garden,,0.3,synthetic,IAB10 Home & Garden
garden sculpture basalt,,0.3,synthetic,IAB10 Home & Garden
venetian stucco garden wall finishes,,0.3,synthetic,IAB10 Home & Garden
growing cilantro at home,,0.3,synthetic,IAB10 Home & Garden
mexican alebrijes garden figurines,,0.29,synthetic,IAB10 Home & Garden
russian malachite stone garden accents,,0.29,synthetic,IAB10 Home & Garden
"Gardening has been a popular hobby for centuries, with evidence of its practice dating back to ancient civilizations.",,0.29,synthetic,IAB10 Home & Garden
watch ham operators broadcast field day garden city,,0.29,natural,IAB10 Home & Garden
building a greenhouse with pallets,,0.29,synthetic,IAB10 Home & Garden
portuguese cork garden furniture,,0.29,synthetic,IAB10 Home & Garden
rats romp boldly louvre gardens,,0.29,natural,IAB10 Home & Garden
"Today, gardening is enjoyed by people of all ages and backgrounds, and it continues to be a popular way to relax, beautify homes, and grow food.",,0.29,synthetic,IAB10 Home & Garden
venetian mirror garden sculptures,,0.29,synthetic,IAB10 Home & Garden
venetian frosted glass garden panels,,0.29,synthetic,IAB10 Home & Garden
venetian mirrored garden screens,,0.29,synthetic,IAB10 Home & Garden
irish bog oak garden features,,0.29,synthetic,IAB10 Home & Garden
swedish folk art garden flags,,0.29,synthetic,IAB10 Home & Garden
irish linen garden aprons,,0.29,synthetic,IAB10 Home & Garden
grow kale indoors,,0.29,synthetic,IAB10 Home & Garden
portuguese stone garden sculptures,,0.29,synthetic,IAB10 Home & Garden
woven willow garden edging,,0.29,synthetic,IAB10 Home & Garden
swiss granite garden benches,,0.29,synthetic,IAB10 Home & Garden
DIY wooden garden signs,,0.29,synthetic,IAB10 Home & Garden
cuban retro garden lighting,,0.28,synthetic,IAB10 Home & Garden
garden wind chimes brass,,0.28,synthetic,IAB10 Home & Garden
japanese garden bridges,,0.28,synthetic,IAB10 Home & Garden
venetian glass garden torches,,0.28,synthetic,IAB10 Home & Garden
portuguese cork bark garden paths,,0.28,synthetic,IAB10 Home & Garden
turkish evil eye garden charms,,0.28,synthetic,IAB10 Home & Garden
greek olive jar garden planters,,0.28,synthetic,IAB10 Home & Garden
spacexs dragon carry robot legs vegetable garden nasas space station,,0.28,natural,IAB10 Home & Garden
irish flax linen garden tablecloths,,0.28,synthetic,IAB10 Home & Garden
roman mosaic garden paths,,0.28,synthetic,IAB10 Home & Garden
ios 8 apple opens garden keeps thorns sharper ever,,0.28,natural,IAB10 Home & Garden
DIY garden stepping stones,,0.28,synthetic,IAB10 Home & Garden
balinese driftwood garden sculptures,,0.28,synthetic,IAB10 Home & Garden
australian sandstone garden features,,0.28,synthetic,IAB10 Home & Garden
tunisian ceramic garden stools,,0.28,synthetic,IAB10 Home & Garden
irish moss decorative ground cover,,0.28,synthetic,IAB10 Home & Garden
building a Nordic greenhouse,,0.28,synthetic,IAB10 Home & Garden
building a Dutch herb spiral garden,,0.28,synthetic,IAB10 Home & Garden
venetian garden wrought iron grilles,,0.27,synthetic,IAB10 Home & Garden
grow rosemary indoors,,0.27,synthetic,IAB10 Home & Garden
japanese garden tsukubai sets,,0.27,synthetic,IAB10 Home & Garden
french wrought iron garden bridges,,0.27,synthetic,IAB10 Home & Garden
balinese garden parasols,,0.27,synthetic,IAB10 Home & Garden
thai celadon green garden pots,,0.27,synthetic,IAB10 Home & Garden
garden composting tips,,0.27,synthetic,IAB10 Home & Garden
venetian wrought iron garden gates,,0.27,synthetic,IAB10 Home & Garden
painted bamboo garden screens,,0.27,synthetic,IAB10 Home & Garden
portuguese cobblestone garden paths,,0.27,synthetic,IAB10 Home & Garden
balinese antique iron garden benches,,0.27,synthetic,IAB10 Home & Garden
venetian garden archways,,0.27,synthetic,IAB10 Home & Garden
cuban colorful mosaic garden benches,,0.27,synthetic,IAB10 Home & Garden
portuguese azulejo garden walls,,0.27,synthetic,IAB10 Home & Garden
turkish hand knotted garden rugs,,0.27,synthetic,IAB10 Home & Garden
turkish mosaic garden lamp posts,,0.27,synthetic,IAB10 Home & Garden
irish limestone garden troughs,,0.27,synthetic,IAB10 Home & Garden
growing sweet potatoes at home,,0.27,synthetic,IAB10 Home & Garden
DIY vertical garden wall,,0.27,synthetic,IAB10 Home & Garden
bidding war tim hortons,,0.27,natural,IAB10 Home & Garden
concrete garden fountains,,0.27,synthetic,IAB10 Home & Garden
greek pebble mosaic garden designs,,0.27,synthetic,IAB10 Home & Garden
swiss granite garden edging stones,,0.27,synthetic,IAB10 Home & Garden
grow mustard greens indoors,,0.27,synthetic,IAB10 Home & Garden
vintage garden trugs,,0.27,synthetic,IAB10 Home & Garden
balcony garden rail planters,,0.26,synthetic,IAB10 Home & Garden
DIY greenhouse construction,,0.26,synthetic,IAB10 Home & Garden
painted concrete garden planters,,0.26,synthetic,IAB10 Home & Garden
french lavender garden planters,,0.26,synthetic,IAB10 Home & Garden
grow broccoli at home,,0.26,synthetic,IAB10 Home & Garden
garden allergies,,0.26,natural,IAB10 Home & Garden
mexican mayolica garden pots,,0.26,synthetic,IAB10 Home & Garden
venetian gold leaf garden mirrors,,0.26,synthetic,IAB10 Home & Garden
russian palekh lacquer garden stools,,0.26,synthetic,IAB10 Home & Garden
swiss pine garden planters,,0.26,synthetic,IAB10 Home & Garden
french garden mirrors,,0.26,synthetic,IAB10 Home & Garden
building a garden bridge,,0.26,synthetic,IAB10 Home & Garden
painted wood garden stakes,,0.26,synthetic,IAB10 Home & Garden
creating a butterfly garden,,0.26,synthetic,IAB10 Home & Garden
cast stone garden urns,,0.25,synthetic,IAB10 Home & Garden
irish copper garden lanterns,,0.25,synthetic,IAB10 Home & Garden
irish clover embossed garden stones,,0.25,synthetic,IAB10 Home & Garden
japanese maple garden sculptures,,0.25,synthetic,IAB10 Home & Garden
irish peat basket planters,,0.25,synthetic,IAB10 Home & Garden
moroccan tiled garden tables,,0.25,synthetic,IAB10 Home & Garden
indian garden charpoys,,0.25,synthetic,IAB10 Home & Garden
DIY raised garden beds,,0.25,synthetic,IAB10 Home & Garden
Here are some of the notable events in the history of landscaping:,,0.25,synthetic,IAB10 Home & Garden
indoor citrus trees,,0.25,synthetic,IAB10 Home & Garden
balinese teak root planters,,0.25,synthetic,IAB10 Home & Garden
greek amphora garden pots,,0.25,synthetic,IAB10 Home & Garden
chinese stone garden lanterns,,0.25,synthetic,IAB10 Home & Garden
greek island garden design,,0.25,synthetic,IAB10 Home & Garden
indian block print garden cushions,,0.25,synthetic,IAB10 Home & Garden
arched garden trellises,,0.25,synthetic,IAB10 Home & Garden
korean garden stone pagodas,,0.25,synthetic,IAB10 Home & Garden
garden tool storage ideas,,0.25,synthetic,IAB10 Home & Garden
bamboo garden screening,,0.25,synthetic,IAB10 Home & Garden
DIY garden pathway ideas,,0.25,synthetic,IAB10 Home & Garden
DIY pallet garden ideas,,0.25,synthetic,IAB10 Home & Garden
gardening events week april 1326 542 pm,,0.25,natural,IAB10 Home & Garden
"There are many different types of gardening, including vegetable gardening, flower gardening, and container gardening.",,0.24,synthetic,IAB10 Home & Garden
garden hazel hurdles,,0.24,synthetic,IAB10 Home & Garden
grow thyme indoors,,0.24,synthetic,IAB10 Home & Garden
scottish heather garden wreaths,,0.24,synthetic,IAB10 Home & Garden
rustic iron garden planters,,0.24,synthetic,IAB10 Home & Garden
vietnamese bamboo garden bridges,,0.24,synthetic,IAB10 Home & Garden
irish oak garden bench kits,,0.24,synthetic,IAB10 Home & Garden
japanese garden granite lanterns,,0.24,synthetic,IAB10 Home & Garden
moroccan mosaic tiled garden benches,,0.24,synthetic,IAB10 Home & Garden
grow onions in pots,,0.24,synthetic,IAB10 Home & Garden
japanese zen moss gardens,,0.24,synthetic,IAB10 Home & Garden
growing garlic in pots,,0.24,synthetic,IAB10 Home & Garden
tips for balcony gardening,,0.24,synthetic,IAB10 Home & Garden
indoor plant lighting setup,,0.24,synthetic,IAB10 Home & Garden
"Landscaping has a rich history, dating back to ancient civilizations.",,0.24,synthetic,IAB10 Home & Garden
grow chives indoors,,0.23,synthetic,IAB10 Home & Garden
swedish vintage garden benches,,0.23,synthetic,IAB10 Home & Garden
ford doubling domestic plants,,0.23,natural,IAB10 Home & Garden
grow oregano indoors,,0.23,synthetic,IAB10 Home & Garden
greek kythira lace garden canopies,,0.23,synthetic,IAB10 Home & Garden
russian filigran garden sculptures,,0.23,synthetic,IAB10 Home & Garden
polish pottery garden gnomes,,0.23,synthetic,IAB10 Home & Garden
how to build a garden arbor,,0.23,synthetic,IAB10 Home & Garden
tips for balcony herb garden,,0.23,synthetic,IAB10 Home & Garden
installing a water feature,,0.23,synthetic,IAB10 Home & Garden
building a Provençal lavender garden,,0.23,synthetic,IAB10 Home & Garden
how to build garden edging,,0.23,synthetic,IAB10 Home & Garden
choosing plants for vertical garden,,0.23,synthetic,IAB10 Home & Garden
cast stone garden fountains,,0.23,synthetic,IAB10 Home & Garden
DIY garden trellis,,0.23,synthetic,IAB10 Home & Garden
garden obelisks,,0.23,synthetic,IAB10 Home & Garden
growing tomatoes in containers,,0.23,synthetic,IAB10 Home & Garden
georgian period garden urns,,0.23,synthetic,IAB10 Home & Garden
spring lawn care tips,,0.23,natural,IAB10 Home & Garden
garden arbors with swings,,0.23,synthetic,IAB10 Home & Garden
irish moss hanging wall planters,,0.23,synthetic,IAB10 Home & Garden
turkish evil eye garden decor,,0.23,synthetic,IAB10 Home & Garden
venetian stone garden lions,,0.23,synthetic,IAB10 Home & Garden
desjardins boosts tim hortons price target c8900 thi,,0.23,natural,IAB10 Home & Garden
how to build garden arbor,,0.23,synthetic,IAB10 Home & Garden
balcony herb planters,,0.23,synthetic,IAB10 Home & Garden
building a wooden garden trellis,,0.23,synthetic,IAB10 Home & Garden
korean celadon garden pots,,0.23,synthetic,IAB10 Home & Garden
painted iron garden trellises,,0.23,synthetic,IAB10 Home & Garden
garden tool sharpeners,,0.23,synthetic,IAB10 Home & Garden
venetian garden colonnades,,0.23,synthetic,IAB10 Home & Garden
grow leeks at home,,0.23,synthetic,IAB10 Home & Garden
russian matryoshka garden planters,,0.22,synthetic,IAB10 Home & Garden
creative lighting for backyard,,0.22,synthetic,IAB10 Home & Garden
cleaning bamboo floors naturally,,0.22,synthetic,IAB10 Home & Garden
DIY garden marker ideas,,0.22,synthetic,IAB10 Home & Garden
venetian wrought iron garden stair railings,,0.22,synthetic,IAB10 Home & Garden
good wife spoilers gardners offers alicia florrick comfort,,0.22,natural,IAB10 Home & Garden
ford gm sales beat estimates,,0.22,natural,IAB10 Home & Garden
greek column garden sculptures,,0.22,synthetic,IAB10 Home & Garden
turkish brass garden taps,,0.22,synthetic,IAB10 Home & Garden
japanese rock garden pebbles,,0.22,synthetic,IAB10 Home & Garden
"Landscaping can be used to create a variety of different effects, from formal gardens to natural landscapes.",,0.22,synthetic,IAB10 Home & Garden
gardening add buzz yard bring back pollinators,,0.22,natural,IAB10 Home & Garden
"Landscaping is a complex and challenging field, but it can also be very rewarding.",,0.22,synthetic,IAB10 Home & Garden
turkish copper lantern garden stakes,,0.22,synthetic,IAB10 Home & Garden
australian native plant gardens,,0.22,synthetic,IAB10 Home & Garden
wooden garden obelisks,,0.22,synthetic,IAB10 Home & Garden
greek style garden columns,,0.22,synthetic,IAB10 Home & Garden
venetian tile topped garden tables,,0.22,synthetic,IAB10 Home & Garden
"Some of the key figures in the remodeling and construction industry include HGTV stars Chip and Joanna Gaines, and home improvement expert Bob Vila.",,0.22,synthetic,IAB10 Home & Garden
japanese rock basin garden ornaments,,0.22,synthetic,IAB10 Home & Garden
french garden cloches,,0.22,synthetic,IAB10 Home & Garden
how to build a garden bench,,0.22,synthetic,IAB10 Home & Garden
ideas for vertical gardens,,0.22,synthetic,IAB10 Home & Garden
painted moroccan garden urns,,0.22,synthetic,IAB10 Home & Garden
cuban painted garden planters,,0.22,synthetic,IAB10 Home & Garden
thai celadon garden stools,,0.22,synthetic,IAB10 Home & Garden
japanese hinoki wood garden tubs,,0.22,synthetic,IAB10 Home & Garden
throwback thursday review garden state,,0.22,natural,IAB10 Home & Garden
greek island garden fire pits,,0.22,synthetic,IAB10 Home & Garden
grow swiss chard indoors,,0.21,synthetic,IAB10 Home & Garden
grow dill indoors,,0.21,synthetic,IAB10 Home & Garden
grow herbs in hanging baskets,,0.21,synthetic,IAB10 Home & Garden
look tim hortons,,0.21,natural,IAB10 Home & Garden
low maintenance houseplants,,0.21,synthetic,IAB10 Home & Garden
turkish hammered copper garden urns,,0.21,synthetic,IAB10 Home & Garden
japanese silk garden parasols,,0.21,synthetic,IAB10 Home & Garden
balinese coconut shell planters,,0.21,synthetic,IAB10 Home & Garden
tips for container gardening,,0.21,synthetic,IAB10 Home & Garden
build a garden pergola,,0.21,synthetic,IAB10 Home & Garden
installing Balinese style garden lighting,,0.21,synthetic,IAB10 Home & Garden
Landscaping: An Art Form That Enhances Outdoor Spaces,,0.21,synthetic,IAB10 Home & Garden
french lavender topiary trees,,0.21,synthetic,IAB10 Home & Garden
venetian leaded glass garden domes,,0.21,synthetic,IAB10 Home & Garden
french garden obelisks,,0.21,synthetic,IAB10 Home & Garden
venetian garden bridge balustrades,,0.21,synthetic,IAB10 Home & Garden
balcony vertical garden kits,,0.21,synthetic,IAB10 Home & Garden
gardners good wife death changes everything,,0.21,natural,IAB10 Home & Garden
building a Zen rock garden,,0.21,synthetic,IAB10 Home & Garden
english cottage trellis arches,,0.21,synthetic,IAB10 Home & Garden
greek triskelion garden patterns,,0.21,synthetic,IAB10 Home & Garden
virtual reality grows southlands backyard,,0.21,natural,IAB10 Home & Garden
nick young romantic way wins iggy azaleas heart,,0.21,natural,IAB10 Home & Garden
how to build garden raised beds,,0.21,synthetic,IAB10 Home & Garden
grow spinach in balcony garden,,0.21,synthetic,IAB10 Home & Garden
accept thisdandelion,,0.21,natural,IAB10 Home & Garden
growing carrots in containers,,0.21,synthetic,IAB10 Home & Garden
how to prune rose bushes,,0.21,synthetic,IAB10 Home & Garden
greek island patio tiles,,0.2,synthetic,IAB10 Home & Garden
cuban glazed terracotta garden lanterns,,0.2,synthetic,IAB10 Home & Garden
scottish standing stone garden circles,,0.2,synthetic,IAB10 Home & Garden
garden obelisk supports,,0.2,synthetic,IAB10 Home & Garden
swedish birch bark garden lamps,,0.2,synthetic,IAB10 Home & Garden
balcony vertical vegetable planters,,0.2,synthetic,IAB10 Home & Garden
outdoor bamboo fencing,,0.2,synthetic,IAB10 Home & Garden
portuguese blue ceramic garden gnomes,,0.2,synthetic,IAB10 Home & Garden
greek cycladic blue planters,,0.2,synthetic,IAB10 Home & Garden
irish moss ground cover,,0.2,synthetic,IAB10 Home & Garden
japanese lacquered garden trays,,0.2,synthetic,IAB10 Home & Garden
how to build a garden trellis,,0.2,synthetic,IAB10 Home & Garden
greek pergola climbing vines,,0.2,synthetic,IAB10 Home & Garden
Here are some of the key figures in the history of landscaping:,,0.2,synthetic,IAB10 Home & Garden
sunrise service rose garden,,0.2,natural,IAB10 Home & Garden
ceramic herb pots,,0.2,synthetic,IAB10 Home & Garden
kim kardashian kanye west walk aisle exclusive royal garden,,0.2,natural,IAB10 Home & Garden
french galvanized metal garden planters,,0.2,synthetic,IAB10 Home & Garden
grow celery indoors,,0.2,synthetic,IAB10 Home & Garden
irish moss lined hanging baskets,,0.2,synthetic,IAB10 Home & Garden
swedish felted wool garden cushions,,0.2,synthetic,IAB10 Home & Garden
"The 18th century saw the rise of the English landscape garden, which emphasized naturalism and informality.",,0.2,synthetic,IAB10 Home & Garden
tim hortons brand became part national identity,,0.2,natural,IAB10 Home & Garden
thai bamboo leaf garden fans,,0.2,synthetic,IAB10 Home & Garden
another gm recall,,0.2,natural,IAB10 Home & Garden
cleaning Moroccan cement tiles,,0.2,synthetic,IAB10 Home & Garden
grow lettuce on windowsill,,0.2,synthetic,IAB10 Home & Garden
how to grow wasabi at home,,0.2,synthetic,IAB10 Home & Garden
us airways tweet airplane ladygarden overshadows pulitzers,,0.2,natural,IAB10 Home & Garden
grow peas in containers,,0.2,synthetic,IAB10 Home & Garden
vintage stone garden planters,,0.19,synthetic,IAB10 Home & Garden
woven jute hanging planters,,0.19,synthetic,IAB10 Home & Garden
scottish thistle garden ornaments,,0.19,synthetic,IAB10 Home & Garden
swiss alpine rock gardens,,0.19,synthetic,IAB10 Home & Garden
battle clean soil,,0.19,natural,IAB10 Home & Garden
japanese cast iron garden kettles,,0.19,synthetic,IAB10 Home & Garden
DIY herb drying rack,,0.19,synthetic,IAB10 Home & Garden
balcony rainwater planters,,0.19,synthetic,IAB10 Home & Garden
english cast iron planters,,0.19,synthetic,IAB10 Home & Garden
"In the 19th century, the Victorian era saw a return to more formal gardens, with a focus on symmetry and order.",,0.19,synthetic,IAB10 Home & Garden
turkish copper embossed garden tables,,0.19,synthetic,IAB10 Home & Garden
venetian outdoor garden chandeliers,,0.19,synthetic,IAB10 Home & Garden
venetian garden mirror fountains,,0.19,synthetic,IAB10 Home & Garden
greek island clay planter pots,,0.19,synthetic,IAB10 Home & Garden
moroccan carved cedar garden doors,,0.19,synthetic,IAB10 Home & Garden
greek ceramic amphora planters,,0.19,synthetic,IAB10 Home & Garden
north american stocks touch new highs amid tim hortons deal talk,,0.19,natural,IAB10 Home & Garden
how to make herb wreath,,0.19,synthetic,IAB10 Home & Garden
italian lemon topiary trees,,0.19,synthetic,IAB10 Home & Garden
pergola LED light strings,,0.19,synthetic,IAB10 Home & Garden
moroccan arched door garden screens,,0.19,synthetic,IAB10 Home & Garden
kokedama moss ball planters,,0.19,synthetic,IAB10 Home & Garden
venetian mirrored garden wall plaques,,0.19,synthetic,IAB10 Home & Garden
portuguese ceramic tile garden plaques,,0.19,synthetic,IAB10 Home & Garden
"There are many resources available to help gardeners, including books, magazines, and websites.",,0.18,synthetic,IAB10 Home & Garden
greek island courtyard planters,,0.18,synthetic,IAB10 Home & Garden
south american pampas grass decor,,0.18,synthetic,IAB10 Home & Garden
corn planting 8 complete indiana,,0.18,natural,IAB10 Home & Garden
portuguese ceramic herb pots,,0.18,synthetic,IAB10 Home & Garden
balinese stone carved plant pots,,0.18,synthetic,IAB10 Home & Garden
"There are many different types of herbs, each with its own unique properties.",,0.18,synthetic,IAB10 Home & Garden
swedish dala horse garden decor,,0.18,synthetic,IAB10 Home & Garden
"There are many different types of landscaping, including residential landscaping, commercial landscaping, and public landscaping.",,0.18,synthetic,IAB10 Home & Garden
how to grow parsnips indoors,,0.18,synthetic,IAB10 Home & Garden
balcony hanging herb baskets,,0.18,synthetic,IAB10 Home & Garden
russian khokhloma garden urns,,0.18,synthetic,IAB10 Home & Garden
turkish brass watering cans,,0.18,synthetic,IAB10 Home & Garden
irish moss ground cover rolls,,0.18,synthetic,IAB10 Home & Garden
swiss alpine garden herb boxes,,0.18,synthetic,IAB10 Home & Garden
Beauty is a gift that we should all cherish and appreciate.,,0.18,synthetic,IAB10 Home & Garden
DIY home decor ideas,,0.18,synthetic,IAB10 Home & Garden
french zinc watering cans,,0.18,synthetic,IAB10 Home & Garden
mudroom bench with storage,,0.18,synthetic,IAB10 Home & Garden
thai elephant garden stools,,0.18,synthetic,IAB10 Home & Garden
growing radishes in containers,,0.18,synthetic,IAB10 Home & Garden
concrete patio pavers,,0.18,synthetic,IAB10 Home & Garden
cleaning handmade ceramic tiles,,0.18,synthetic,IAB10 Home & Garden
painted wrought iron garden arbors,,0.18,synthetic,IAB10 Home & Garden
how to grow thyme indoors,,0.18,synthetic,IAB10 Home & Garden
growing cucumbers on trellis,,0.18,synthetic,IAB10 Home & Garden
grow parsley on kitchen counter,,0.18,synthetic,IAB10 Home & Garden
how to grow parsnip indoors,,0.18,synthetic,IAB10 Home & Garden
top herbs for energy and vitality,,0.18,synthetic,IAB10 Home & Garden
how to grow herbs indoors,,0.18,synthetic,IAB10 Home & Garden
how to grow cumin indoors,,0.18,synthetic,IAB10 Home & Garden
fruit veg keeps undertaker away,,0.17,natural,IAB10 Home & Garden
tim hortons poison put leaves creditors indigestion,,0.17,natural,IAB10 Home & Garden
cleaning Italian Carrara marble,,0.17,synthetic,IAB10 Home & Garden
english lead planters,,0.17,synthetic,IAB10 Home & Garden
tim hortons historically struggled us,,0.17,natural,IAB10 Home & Garden
villa garden design ideas,,0.17,synthetic,IAB10 Home & Garden
sticks stones nick young opens comforting iggy azalea nicki,,0.17,natural,IAB10 Home & Garden
how to grow beans indoors,,0.17,synthetic,IAB10 Home & Garden
how to build a patio cover,,0.17,synthetic,IAB10 Home & Garden
growing potatoes in grow bags,,0.17,synthetic,IAB10 Home & Garden
veranda furniture maintenance,,0.17,synthetic,IAB10 Home & Garden
choosing fabric for canopy beds,,0.17,synthetic,IAB10 Home & Garden
"The 20th century saw the rise of modern gardening techniques, such as container gardening and hydroponics.",,0.17,synthetic,IAB10 Home & Garden
despite recalls gm sales increase,,0.17,natural,IAB10 Home & Garden
refinish patio furniture,,0.17,synthetic,IAB10 Home & Garden
portuguese cortiça cork planters,,0.17,synthetic,IAB10 Home & Garden
how to build trellis fence,,0.17,synthetic,IAB10 Home & Garden
balinese alang alang grass pergolas,,0.17,synthetic,IAB10 Home & Garden
how to build raised planter beds,,0.17,synthetic,IAB10 Home & Garden
katie couric marries john molner backyard wedding,,0.17,natural,IAB10 Home & Garden
Some of the most common uses of herbs include:,,0.17,synthetic,IAB10 Home & Garden
work apples arizona sapphire plant continuing possible expansion works,,0.17,natural,IAB10 Home & Garden
grow radicchio indoors,,0.17,synthetic,IAB10 Home & Garden
cleaning tile grout naturally,,0.17,synthetic,IAB10 Home & Garden
corn planting ahead five year average,,0.17,natural,IAB10 Home & Garden
how to grow catnip indoors,,0.17,synthetic,IAB10 Home & Garden
turkish tulip shaped garden lanterns,,0.17,synthetic,IAB10 Home & Garden
how to grow artichokes at home,,0.17,synthetic,IAB10 Home & Garden
thai bamboo woven basket planters,,0.17,synthetic,IAB10 Home & Garden
- More comfortable and homey accommodations,,0.17,synthetic,IAB10 Home & Garden
scottish heather wreaths,,0.17,synthetic,IAB10 Home & Garden
balcony herb drying racks,,0.17,synthetic,IAB10 Home & Garden
japanese rock garden sand combs,,0.17,synthetic,IAB10 Home & Garden
"By understanding the history, principles, and techniques of landscaping, you can create a beautiful and functional outdoor space that you will enjoy for years to come.",,0.17,synthetic,IAB10 Home & Garden
how to repot indoor plants,,0.17,synthetic,IAB10 Home & Garden
english iron conservatory frames,,0.17,synthetic,IAB10 Home & Garden
garden city relay life holds postponed kickoff rally,,0.17,natural,IAB10 Home & Garden
olive gardens parent jettisoned shrimp inflation problem,,0.17,natural,IAB10 Home & Garden
woven wall baskets,,0.17,synthetic,IAB10 Home & Garden
"Today, landscaping is a popular way to enhance the beauty and functionality of outdoor spaces.",,0.17,synthetic,IAB10 Home & Garden
greek vine covered pergola frames,,0.17,synthetic,IAB10 Home & Garden
how to build a potting bench,,0.17,synthetic,IAB10 Home & Garden
"Key figures in botany have shaped our understanding of plants, from Theophrastus's early observations to Mendel's groundbreaking work on genetics.",,0.16,synthetic,IAB10 Home & Garden
how to grow basil indoors,,0.16,synthetic,IAB10 Home & Garden
apple expand arizona sapphire plant,,0.16,natural,IAB10 Home & Garden
balcony herb spiral kits,,0.16,synthetic,IAB10 Home & Garden
scandinavian garden sauna kits,,0.16,synthetic,IAB10 Home & Garden
wicker nesting baskets,,0.16,synthetic,IAB10 Home & Garden
"Botany has contributed to our understanding of the natural world, providing insights into the diversity, evolution, and ecological roles of plants.",,0.16,synthetic,IAB10 Home & Garden
english trellis rose arches,,0.16,synthetic,IAB10 Home & Garden
porcelain farmhouse sinks,,0.16,synthetic,IAB10 Home & Garden
grow squash in containers,,0.16,synthetic,IAB10 Home & Garden
how to grow rosemary indoors,,0.16,synthetic,IAB10 Home & Garden
DIY wooden planter box,,0.16,synthetic,IAB10 Home & Garden
venetian terrazzo mosaic planters,,0.16,synthetic,IAB10 Home & Garden
pollination nation create pollinatorfriendly habitat yard,,0.16,natural,IAB10 Home & Garden
how to build a pergola,,0.16,synthetic,IAB10 Home & Garden
natural fiber area rugs,,0.16,synthetic,IAB10 Home & Garden
lg smart lamp takes hue bluetooth bulb,,0.16,natural,IAB10 Home & Garden
how to grow chard indoors,,0.16,synthetic,IAB10 Home & Garden
cool landscape preserved greenland,,0.16,natural,IAB10 Home & Garden
scandinavian forest plant decor,,0.16,synthetic,IAB10 Home & Garden
greek bougainvillea pergola trellises,,0.16,synthetic,IAB10 Home & Garden
how to clean kitchen backsplash,,0.16,synthetic,IAB10 Home & Garden
"A well-designed landscape can add beauty, value, and functionality to any property.",,0.16,synthetic,IAB10 Home & Garden
woven sea grass table mats,,0.16,synthetic,IAB10 Home & Garden
how to grow collard greens indoors,,0.16,synthetic,IAB10 Home & Garden
building a rustic Mediterranean pergola,,0.16,synthetic,IAB10 Home & Garden
how to grow chickweed indoors,,0.16,synthetic,IAB10 Home & Garden
patina copper planters,,0.16,synthetic,IAB10 Home & Garden
turkish copper wall planters,,0.16,synthetic,IAB10 Home & Garden
irish oak barrel planters,,0.16,synthetic,IAB10 Home & Garden
choosing vintage home decor,,0.16,synthetic,IAB10 Home & Garden
french vintage jardinieres,,0.16,synthetic,IAB10 Home & Garden
"Notable events in the history of interior decorating include the Arts and Crafts movement, the Bauhaus movement, and the mid-century modern movement.",,0.16,synthetic,IAB10 Home & Garden
french country kitchen lighting,,0.16,synthetic,IAB10 Home & Garden
how to grow lovage indoors,,0.16,synthetic,IAB10 Home & Garden
how to fertilize indoor plants,,0.16,synthetic,IAB10 Home & Garden
choosing wabi-sabi home decor,,0.16,synthetic,IAB10 Home & Garden
japanese shigaraki pottery planters,,0.16,synthetic,IAB10 Home & Garden
greek terracotta amphora planters,,0.16,synthetic,IAB10 Home & Garden
patio furniture cleaning tips,,0.16,synthetic,IAB10 Home & Garden
hydroponic system for beginners,,0.16,synthetic,IAB10 Home & Garden
antique iron plant stands,,0.16,synthetic,IAB10 Home & Garden
greek doric column planters,,0.15,synthetic,IAB10 Home & Garden
swedish timber garden swing sets,,0.15,synthetic,IAB10 Home & Garden
ceramic plant pots,,0.15,synthetic,IAB10 Home & Garden
japanese bamboo planter boxes,,0.15,synthetic,IAB10 Home & Garden
how to grow arugula indoors,,0.15,synthetic,IAB10 Home & Garden
building a traditional Andalusian patio,,0.15,synthetic,IAB10 Home & Garden
decorating with Persian carpets,,0.15,synthetic,IAB10 Home & Garden
designing outdoor living spaces,,0.15,synthetic,IAB10 Home & Garden
DIY pallet patio furniture,,0.15,synthetic,IAB10 Home & Garden
how to grow chives indoors,,0.15,synthetic,IAB10 Home & Garden
choosing fabric for patio cushions,,0.15,synthetic,IAB10 Home & Garden
how to fix chipped tiles,,0.15,synthetic,IAB10 Home & Garden
swedish vintage wooden garden trays,,0.15,synthetic,IAB10 Home & Garden
cleaning tips for terracotta tiles,,0.15,synthetic,IAB10 Home & Garden
grow kale in containers,,0.15,synthetic,IAB10 Home & Garden
irish handcrafted slate planters,,0.15,synthetic,IAB10 Home & Garden
carved stone water features,,0.15,synthetic,IAB10 Home & Garden
DIY patio paver installation,,0.15,synthetic,IAB10 Home & Garden
heirloom seed collections,,0.15,synthetic,IAB10 Home & Garden
how to grow basil year round,,0.15,synthetic,IAB10 Home & Garden
growing lavender from seeds,,0.15,synthetic,IAB10 Home & Garden
best indoor hanging plants,,0.15,synthetic,IAB10 Home & Garden
greek terracotta roof tile planters,,0.15,synthetic,IAB10 Home & Garden
balinese bamboo arched pergolas,,0.15,synthetic,IAB10 Home & Garden
Best Georgian recipes to try at home,,0.15,synthetic,IAB10 Home & Garden
greek white marble birdbaths,,0.15,synthetic,IAB10 Home & Garden
"There are many different ways to learn about interior decorating, including formal education, online courses, and hands-on experience.",,0.15,synthetic,IAB10 Home & Garden
english wrought iron pergolas,,0.15,synthetic,IAB10 Home & Garden
swiss alpine flower baskets,,0.15,synthetic,IAB10 Home & Garden
charting gardenvariety market pullback,,0.15,natural,IAB10 Home & Garden
"Notable events in the remodeling and construction industry include the launch of HGTV in 1994, and the rise of online home improvement retailers such as Home Depot and Lowe's.",,0.15,synthetic,IAB10 Home & Garden
"The 20th century saw the development of modern landscaping, which emphasized simplicity and functionality.",,0.15,synthetic,IAB10 Home & Garden
video bang bang brings girls yard,,0.15,natural,IAB10 Home & Garden
video ford doubling domestic plants,,0.15,natural,IAB10 Home & Garden
english boxwood parterre borders,,0.15,synthetic,IAB10 Home & Garden
Gertrude Jekyll: Jekyll was a British landscape designer who was known for her naturalistic gardens.,,0.15,synthetic,IAB10 Home & Garden
pergola privacy drapes,,0.15,synthetic,IAB10 Home & Garden
painted iron plant holders,,0.15,synthetic,IAB10 Home & Garden
peruvian hand painted plant pots,,0.15,synthetic,IAB10 Home & Garden
french vintage zinc garden buckets,,0.15,synthetic,IAB10 Home & Garden
chinese garden moon bridges,,0.15,synthetic,IAB10 Home & Garden
zach braffs wish match garden state success,,0.15,natural,IAB10 Home & Garden
beauty look familiar,,0.15,natural,IAB10 Home & Garden
french wrought iron topiary frames,,0.15,synthetic,IAB10 Home & Garden
cleaning hand-painted tiles,,0.14,synthetic,IAB10 Home & Garden
natural jute area rugs,,0.14,synthetic,IAB10 Home & Garden
DIY window box planter,,0.14,synthetic,IAB10 Home & Garden
turkish hammered brass watering cans,,0.14,synthetic,IAB10 Home & Garden
metal outdoor planters,,0.14,synthetic,IAB10 Home & Garden
10 years garden state napoleon dynamite aged better,,0.14,natural,IAB10 Home & Garden
"The development of the English landscape garden: The English landscape garden was a new style of garden that emerged in the 18th century, and it emphasized naturalism and informality.",,0.14,synthetic,IAB10 Home & Garden
woven abaca wall baskets,,0.14,synthetic,IAB10 Home & Garden
how to install a backsplash,,0.14,synthetic,IAB10 Home & Garden
william watson thing canadian tim hortons taxes right,,0.14,natural,IAB10 Home & Garden
cleaning Mexican talavera tiles,,0.14,synthetic,IAB10 Home & Garden
"Bed and breakfasts (B&Bs) have a long and storied history, dating back to the 17th century.",,0.14,synthetic,IAB10 Home & Garden
wicker outdoor storage trunks,,0.14,synthetic,IAB10 Home & Garden
kitchen island lighting ideas,,0.14,synthetic,IAB10 Home & Garden
hand woven bamboo baskets,,0.14,synthetic,IAB10 Home & Garden
cleaning woven bamboo blinds,,0.14,synthetic,IAB10 Home & Garden
types of Scandinavian furniture,,0.14,synthetic,IAB10 Home & Garden
fixing squeaky hardwood floor,,0.14,synthetic,IAB10 Home & Garden
thai bamboo plant lattices,,0.14,synthetic,IAB10 Home & Garden
ice anemones dragon trees top species year named,,0.14,natural,IAB10 Home & Garden
balinese alang alang grass thatch,,0.14,synthetic,IAB10 Home & Garden
DIY wall planter ideas,,0.14,synthetic,IAB10 Home & Garden
wabi sabi home decor,,0.14,synthetic,IAB10 Home & Garden
vietnamese glazed planters,,0.14,synthetic,IAB10 Home & Garden
nokias chennai plant fate hangs balance,,0.14,natural,IAB10 Home & Garden
tree grass pollen peaking week,,0.14,natural,IAB10 Home & Garden
grow beets in raised beds,,0.14,synthetic,IAB10 Home & Garden
hand painted floor cloths,,0.14,synthetic,IAB10 Home & Garden
balcony rail hanging planters,,0.14,synthetic,IAB10 Home & Garden
lg g watch launches worldwide,,0.14,natural,IAB10 Home & Garden
irish wicker peat baskets,,0.14,synthetic,IAB10 Home & Garden
greek amphora garden urns,,0.14,synthetic,IAB10 Home & Garden
english heritage rose arches,,0.14,synthetic,IAB10 Home & Garden
russian khokhloma floral wall art,,0.14,synthetic,IAB10 Home & Garden
lg g3 review hands,,0.14,natural,IAB10 Home & Garden
portuguese terracotta planters,,0.14,synthetic,IAB10 Home & Garden
french galvanized metal planters,,0.14,synthetic,IAB10 Home & Garden
scottish slate stepping stones,,0.14,synthetic,IAB10 Home & Garden
russian malachite inlaid planters,,0.14,synthetic,IAB10 Home & Garden
greek terrazzo courtyard floors,,0.14,synthetic,IAB10 Home & Garden
plants capable hearing bugs munching leaves release chemicals,,0.14,natural,IAB10 Home & Garden
japanese kutani porcelain planters,,0.14,synthetic,IAB10 Home & Garden
tips for growing indoor citrus,,0.14,synthetic,IAB10 Home & Garden
"Today, herbs are used by people all over the world to treat a variety of health conditions.",,0.14,synthetic,IAB10 Home & Garden
balcony herb rail boxes,,0.14,synthetic,IAB10 Home & Garden
print makeup home,,0.14,natural,IAB10 Home & Garden
how to clean outdoor cushions,,0.14,synthetic,IAB10 Home & Garden
record store day brings back memories vinyl records,,0.14,natural,IAB10 Home & Garden
swedish birch bark flower baskets,,0.14,synthetic,IAB10 Home & Garden
greek painted floor tiles,,0.14,synthetic,IAB10 Home & Garden
indian carved wooden planters,,0.14,synthetic,IAB10 Home & Garden
decorating ideas for small patios,,0.14,synthetic,IAB10 Home & Garden
swiss alpine trough planters,,0.14,synthetic,IAB10 Home & Garden
"Key figures in the history of interior decorating include Elsie de Wolfe, Dorothy Draper, and Albert Hadley.",,0.14,synthetic,IAB10 Home & Garden
"The Renaissance saw a renewed interest in landscaping, with gardens becoming increasingly elaborate and ornamental.",,0.14,synthetic,IAB10 Home & Garden
portuguese tiled outdoor kitchens,,0.14,synthetic,IAB10 Home & Garden
woven seagrass baskets,,0.14,synthetic,IAB10 Home & Garden
hand knotted wool rugs,,0.14,synthetic,IAB10 Home & Garden
made china anymore,,0.13,natural,IAB10 Home & Garden
cleaning tips for outdoor furniture,,0.13,synthetic,IAB10 Home & Garden
DIY entryway bench ideas,,0.13,synthetic,IAB10 Home & Garden
cleaning tips for ceramic tiles,,0.13,synthetic,IAB10 Home & Garden
french antique jardinières,,0.13,synthetic,IAB10 Home & Garden
woody role stone,,0.13,natural,IAB10 Home & Garden
painting tips for outdoor furniture,,0.13,synthetic,IAB10 Home & Garden
how to remove old wallpaper,,0.13,synthetic,IAB10 Home & Garden
laggard apple tout green record earth day,,0.13,natural,IAB10 Home & Garden
ladies home journal ends monthly publication 121 years print,,0.13,natural,IAB10 Home & Garden
DIY kitchen storage solutions,,0.13,synthetic,IAB10 Home & Garden
views veg really affordable,,0.13,natural,IAB10 Home & Garden
kitchen backsplash tile ideas,,0.13,synthetic,IAB10 Home & Garden
bruno guillon leaves mulberry,,0.13,natural,IAB10 Home & Garden
how to paint wooden cabinets,,0.13,synthetic,IAB10 Home & Garden
plants respond leaf vibrations caused insects chewing,,0.13,natural,IAB10 Home & Garden
woven bamboo room dividers,,0.13,synthetic,IAB10 Home & Garden
DIY planter box ideas,,0.13,synthetic,IAB10 Home & Garden
DIY kitchen island ideas,,0.13,synthetic,IAB10 Home & Garden
daily inspiration palms stones,,0.13,natural,IAB10 Home & Garden
planting late late,,0.13,natural,IAB10 Home & Garden
DIY pallet furniture,,0.13,synthetic,IAB10 Home & Garden
how to clean and polish marble,,0.13,synthetic,IAB10 Home & Garden
how to refinish parquet flooring,,0.13,synthetic,IAB10 Home & Garden
how to clean tile grout,,0.13,synthetic,IAB10 Home & Garden
10 ways blue ivy carter already better us,,0.13,natural,IAB10 Home & Garden
lights saturday earth hour,,0.13,natural,IAB10 Home & Garden
hand woven hemp baskets,,0.13,synthetic,IAB10 Home & Garden
budget friendly patio ideas,,0.13,synthetic,IAB10 Home & Garden
corn planting pace quickens despite soggy start,,0.13,natural,IAB10 Home & Garden
woven seagrass floor baskets,,0.13,synthetic,IAB10 Home & Garden
choosing color palette for home,,0.13,synthetic,IAB10 Home & Garden
portuguese cork bark mulch,,0.13,synthetic,IAB10 Home & Garden
how to build a pergola with swings,,0.13,synthetic,IAB10 Home & Garden
english rose arch trellises,,0.13,synthetic,IAB10 Home & Garden
thai bamboo rolling shades,,0.13,synthetic,IAB10 Home & Garden
"Beauty is a source of inspiration and joy for many people, and it can have a positive impact on well-being and happiness.",,0.13,synthetic,IAB10 Home & Garden
"Notable events in the history of arts and crafts include the Renaissance, the Arts and Crafts Movement, and the Bauhaus movement.",,0.13,synthetic,IAB10 Home & Garden
This means cleaning and repairing items as needed.,,0.13,synthetic,IAB10 Home & Garden
cleaning encaustic cement tiles,,0.13,synthetic,IAB10 Home & Garden
balinese recycled teak patio sets,,0.13,synthetic,IAB10 Home & Garden
italian mosaic floor tiles,,0.13,synthetic,IAB10 Home & Garden
greek island pebble mosaics,,0.13,synthetic,IAB10 Home & Garden
hand painted ceramic sinks,,0.13,synthetic,IAB10 Home & Garden
balinese lotus pond liners,,0.13,synthetic,IAB10 Home & Garden
greek island roof terraces,,0.13,synthetic,IAB10 Home & Garden
english ivy trellis panels,,0.13,synthetic,IAB10 Home & Garden
tuscan travertine pavers,,0.13,synthetic,IAB10 Home & Garden
woven grasscloth wallcoverings,,0.13,synthetic,IAB10 Home & Garden
french lavender drying racks,,0.13,synthetic,IAB10 Home & Garden
balinese bamboo shower screens,,0.13,synthetic,IAB10 Home & Garden
It is a practical and rewarding way to maintain and improve one's home environment.,,0.13,synthetic,IAB10 Home & Garden
It is an ongoing process that helps homeowners maintain and improve their properties over time.,,0.13,synthetic,IAB10 Home & Garden
balcony modular planter systems,,0.13,synthetic,IAB10 Home & Garden
balcony modular vertical planters,,0.13,synthetic,IAB10 Home & Garden
Authenticity: Preserving Traditional Techniques and Ingredients,,0.13,synthetic,IAB10 Home & Garden
venetian wrought iron plant stands,,0.13,synthetic,IAB10 Home & Garden
portuguese ceramic herb markers,,0.13,synthetic,IAB10 Home & Garden
The history of herbal medicine dates back to ancient times.,,0.13,synthetic,IAB10 Home & Garden
cleaning Hungarian ceramic stoves,,0.13,synthetic,IAB10 Home & Garden
balcony multi tier plant shelves,,0.13,synthetic,IAB10 Home & Garden
decorating with Norwegian rosemaling art,,0.13,synthetic,IAB10 Home & Garden
decorating with Nordic design elements,,0.13,synthetic,IAB10 Home & Garden
cleaning reclaimed wood furniture,,0.13,synthetic,IAB10 Home & Garden
dacha style outdoor kitchens,,0.13,synthetic,IAB10 Home & Garden
japanese moss terrarium kits,,0.13,synthetic,IAB10 Home & Garden
cleaning Indian brass decor,,0.13,synthetic,IAB10 Home & Garden
installing terracotta roof tiles,,0.13,synthetic,IAB10 Home & Garden
best indoor plant stands,,0.13,synthetic,IAB10 Home & Garden
decorating with Dutch delft tiles,,0.13,synthetic,IAB10 Home & Garden
lighting ideas for verandas,,0.13,synthetic,IAB10 Home & Garden
cleaning Spanish encaustic tiles,,0.13,synthetic,IAB10 Home & Garden
installing Japanese water basin,,0.13,synthetic,IAB10 Home & Garden
balinese suar wood benches,,0.12,synthetic,IAB10 Home & Garden
refinishing metal furniture,,0.12,synthetic,IAB10 Home & Garden
Home repair is a great way to learn new skills and save money on home improvement projects.,,0.12,synthetic,IAB10 Home & Garden
installing wall sconces,,0.12,synthetic,IAB10 Home & Garden
lg g3 handson first impressions,,0.12,natural,IAB10 Home & Garden
greek spilia stone niches,,0.12,synthetic,IAB10 Home & Garden
how to clean painted walls,,0.12,synthetic,IAB10 Home & Garden
cleaning tatami mats properly,,0.12,synthetic,IAB10 Home & Garden
greek tholos stone seating,,0.12,synthetic,IAB10 Home & Garden
painting tips for accent walls,,0.12,synthetic,IAB10 Home & Garden
health hygeine high five hygienic handshake,,0.12,natural,IAB10 Home & Garden
indian jute dhurrie floor mats,,0.12,synthetic,IAB10 Home & Garden
sunpower shines google residential solar,,0.12,natural,IAB10 Home & Garden
how to hang heavy mirrors,,0.12,synthetic,IAB10 Home & Garden
how to install crown molding,,0.12,synthetic,IAB10 Home & Garden
cleaning woven rattan furniture,,0.12,synthetic,IAB10 Home & Garden
installing bamboo wall coverings,,0.12,synthetic,IAB10 Home & Garden
"Some of the most popular herbs include chamomile, lavender, peppermint, and rosemary.",,0.12,synthetic,IAB10 Home & Garden
italian terrazzo flooring,,0.12,synthetic,IAB10 Home & Garden
nicki minaj brush death shaded iggy azalea,,0.12,natural,IAB10 Home & Garden
decorating with Bauhaus furniture,,0.12,synthetic,IAB10 Home & Garden
harris yewtrees biggest scalp,,0.12,natural,IAB10 Home & Garden
Best German recipes to try at home,,0.12,synthetic,IAB10 Home & Garden
bohemian wall tapestries,,0.12,synthetic,IAB10 Home & Garden
cleaning tips for bamboo floors,,0.12,synthetic,IAB10 Home & Garden
neanderthals eat vegetables,,0.12,natural,IAB10 Home & Garden
Vegetarianism is a meaningful way to live.,,0.12,synthetic,IAB10 Home & Garden
painting tips for kitchen cabinets,,0.12,synthetic,IAB10 Home & Garden
Vegetarianism is a rewarding way to live.,,0.12,synthetic,IAB10 Home & Garden
best outdoor paint for wood,,0.12,synthetic,IAB10 Home & Garden
tim hortons thi analysts weekly ratings changes,,0.12,natural,IAB10 Home & Garden
A landscape designer can help you create a landscape that meets your specific needs and budget.,,0.12,synthetic,IAB10 Home & Garden
MP3 and MIDI: Cornerstones of Modern Music Technology,,0.12,synthetic,IAB10 Home & Garden
gdp climbing slower rate,,0.12,natural,IAB10 Home & Garden
cleaning stainless steel appliances,,0.12,synthetic,IAB10 Home & Garden
"The historical context of the remodeling and construction industry can be traced back to the early days of the United States, when homeowners would often build their own homes.",,0.12,synthetic,IAB10 Home & Garden
another big recall gm,,0.12,natural,IAB10 Home & Garden
tim hortons price target raised c9000 thi,,0.12,natural,IAB10 Home & Garden
corn drops 10week low good midwest planting weather,,0.12,natural,IAB10 Home & Garden
another recall gm,,0.12,natural,IAB10 Home & Garden
safety tips decorating 4th july,,0.12,natural,IAB10 Home & Garden
"Herbs have been used for centuries to treat a wide range of ailments, and their popularity is only growing in today's world.",,0.12,synthetic,IAB10 Home & Garden
how to grout tile backsplash,,0.12,synthetic,IAB10 Home & Garden
thai lotus ponds,,0.12,synthetic,IAB10 Home & Garden
australian native grass plantings,,0.12,synthetic,IAB10 Home & Garden
english wildflower meadow seed mixes,,0.12,synthetic,IAB10 Home & Garden
cuban handmade terracotta tiles,,0.12,synthetic,IAB10 Home & Garden
plant based diet benefits,,0.12,synthetic,IAB10 Home & Garden
morning glory seized,,0.12,natural,IAB10 Home & Garden
pergola grapevine trellises,,0.12,synthetic,IAB10 Home & Garden
venetian wrought iron hanging baskets,,0.12,synthetic,IAB10 Home & Garden
vietnamese hand painted ceramics,,0.12,synthetic,IAB10 Home & Garden
irish willow trellis panels,,0.12,synthetic,IAB10 Home & Garden
greek wrought iron patio sets,,0.12,synthetic,IAB10 Home & Garden
balinese carved river stone benches,,0.12,synthetic,IAB10 Home & Garden
balinese bamboo hut kits,,0.12,synthetic,IAB10 Home & Garden
choose eco friendly fabrics for home,,0.12,synthetic,IAB10 Home & Garden
french espalier fruit trees,,0.12,synthetic,IAB10 Home & Garden
painted iron outdoor benches,,0.12,synthetic,IAB10 Home & Garden
DIY pallet furniture ideas,,0.12,synthetic,IAB10 Home & Garden
balinese woven banana leaf mats,,0.12,synthetic,IAB10 Home & Garden
veranda railing design ideas,,0.12,synthetic,IAB10 Home & Garden
protect summer insects,,0.12,natural,IAB10 Home & Garden
types of window treatments,,0.12,synthetic,IAB10 Home & Garden
swedish pine outdoor decking tiles,,0.12,synthetic,IAB10 Home & Garden
balcony artificial ivy trellises,,0.12,synthetic,IAB10 Home & Garden
choosing eco friendly paints,,0.12,synthetic,IAB10 Home & Garden
french country side tables,,0.12,synthetic,IAB10 Home & Garden
swedish birch outdoor benches,,0.12,synthetic,IAB10 Home & Garden
cuban concrete mosaic tiles,,0.12,synthetic,IAB10 Home & Garden
cleaning terrazzo flooring tips,,0.11,synthetic,IAB10 Home & Garden
venetian tiled outdoor shower walls,,0.11,synthetic,IAB10 Home & Garden
complete guide stunning gm recall may linked 300,,0.11,natural,IAB10 Home & Garden
cleaning shell inlay furniture,,0.11,synthetic,IAB10 Home & Garden
installing Moroccan zellige tiles,,0.11,synthetic,IAB10 Home & Garden
woven raffia area rugs,,0.11,synthetic,IAB10 Home & Garden
roombots modular robots create furniture,,0.11,natural,IAB10 Home & Garden
earth echo nice et,,0.11,natural,IAB10 Home & Garden
portuguese terracotta herb jars,,0.11,synthetic,IAB10 Home & Garden
porcelain farmhouse apron sinks,,0.11,synthetic,IAB10 Home & Garden
linen and lace bed canopies,,0.11,synthetic,IAB10 Home & Garden
veranda lighting ideas,,0.11,synthetic,IAB10 Home & Garden
how to maintain hardwood floors,,0.11,synthetic,IAB10 Home & Garden
hand carved teak daybeds,,0.11,synthetic,IAB10 Home & Garden
woven sisal area rugs,,0.11,synthetic,IAB10 Home & Garden
tips for cleaning travertine floors,,0.11,synthetic,IAB10 Home & Garden
gopros hot long,,0.11,natural,IAB10 Home & Garden
lighting ideas for small spaces,,0.11,synthetic,IAB10 Home & Garden
how to refinish wooden furniture,,0.11,synthetic,IAB10 Home & Garden
Vegetarianism is a powerful way to live.,,0.11,synthetic,IAB10 Home & Garden
patagonian wood deck furniture,,0.11,synthetic,IAB10 Home & Garden
greek whitewashed stone walls,,0.11,synthetic,IAB10 Home & Garden
moroccan mother of pearl inlay planters,,0.11,synthetic,IAB10 Home & Garden
"As more and more people turn to natural and holistic approaches to health, the demand for herbs is likely to continue to grow.",,0.11,synthetic,IAB10 Home & Garden
Weather can be a source of beauty and wonder.,,0.11,synthetic,IAB10 Home & Garden
irish rustic stone wall edging,,0.11,synthetic,IAB10 Home & Garden
indian channapatna lacquerware decor,,0.11,synthetic,IAB10 Home & Garden
venetian outdoor mirror panels,,0.11,synthetic,IAB10 Home & Garden
thai bamboo curtain dividers,,0.11,synthetic,IAB10 Home & Garden
portuguese blue ceramic planters,,0.11,synthetic,IAB10 Home & Garden
malaysian pandanus leaf baskets,,0.11,synthetic,IAB10 Home & Garden
japanese bamboo water features,,0.11,synthetic,IAB10 Home & Garden
"If you are considering landscaping your property, it is important to consult with a qualified landscape designer.",,0.11,synthetic,IAB10 Home & Garden
balinese carved doorways,,0.11,synthetic,IAB10 Home & Garden
georgian bay windows,,0.11,synthetic,IAB10 Home & Garden
hand forged iron curtain rods,,0.11,synthetic,IAB10 Home & Garden
tuscan style outdoor kitchens,,0.11,synthetic,IAB10 Home & Garden
Vegetarianism is a delicious way to live.,,0.11,synthetic,IAB10 Home & Garden
Vegetarianism is a fulfilling way to live.,,0.11,synthetic,IAB10 Home & Garden
painted iron curtain rods,,0.11,synthetic,IAB10 Home & Garden
irish thatched roof decor,,0.11,synthetic,IAB10 Home & Garden
"Beadwork can be used to create a wide variety of items, from jewelry to home décor.",,0.11,synthetic,IAB10 Home & Garden
cleaning Czech Bohemian glass,,0.11,synthetic,IAB10 Home & Garden
greek stone mosaic floor tiles,,0.11,synthetic,IAB10 Home & Garden
arabesque mosaic tiles,,0.11,synthetic,IAB10 Home & Garden
Best sinigang recipes to try at home,,0.11,synthetic,IAB10 Home & Garden
hillshires palate grows,,0.11,natural,IAB10 Home & Garden
greek courtyard columns,,0.11,synthetic,IAB10 Home & Garden
veranda lighting design ideas,,0.11,synthetic,IAB10 Home & Garden
how to restore antique mirror,,0.11,synthetic,IAB10 Home & Garden
white house moves save bees,,0.11,natural,IAB10 Home & Garden
woven abaca floor mats,,0.11,synthetic,IAB10 Home & Garden
tips for decluttering your home,,0.11,synthetic,IAB10 Home & Garden
reclaimed teak outdoor tables,,0.11,synthetic,IAB10 Home & Garden
installing backsplash in kitchen,,0.11,synthetic,IAB10 Home & Garden
10 things know gm recall,,0.11,natural,IAB10 Home & Garden
how to clean and polish wood floors,,0.11,synthetic,IAB10 Home & Garden
brew debuts highlight philly beer week,,0.11,natural,IAB10 Home & Garden
how to seal wood furniture,,0.11,synthetic,IAB10 Home & Garden
green slime flows freely,,0.11,natural,IAB10 Home & Garden
wrought iron window boxes,,0.11,synthetic,IAB10 Home & Garden
how to clean wood paneling,,0.11,synthetic,IAB10 Home & Garden
how to hang string lights,,0.11,synthetic,IAB10 Home & Garden
wrought iron pot racks,,0.11,synthetic,IAB10 Home & Garden
cleaning tips for granite surfaces,,0.11,synthetic,IAB10 Home & Garden
wool felt table mats,,0.11,synthetic,IAB10 Home & Garden
sketches doves newest experiment beauty patch,,0.11,natural,IAB10 Home & Garden
furniture arrangement tips for foyer,,0.11,synthetic,IAB10 Home & Garden
lg g watch coming doorstep near,,0.11,natural,IAB10 Home & Garden
selena hanging bloom,,0.11,natural,IAB10 Home & Garden
roombots modular robots become adaptive furniture,,0.11,natural,IAB10 Home & Garden
types of ceiling textures,,0.11,synthetic,IAB10 Home & Garden
how to clean brass fixtures,,0.1,synthetic,IAB10 Home & Garden
pergola motorized shade systems,,0.1,synthetic,IAB10 Home & Garden
neil patrick harris nearly nude rolling stone cover,,0.1,natural,IAB10 Home & Garden
acoustic duo accentuates rolling stones substance,,0.1,natural,IAB10 Home & Garden
Vegetarianism is a compassionate way to live.,,0.1,synthetic,IAB10 Home & Garden
Vegetarianism is a sustainable way to live.,,0.1,synthetic,IAB10 Home & Garden
greek meander stenciled tile work,,0.1,synthetic,IAB10 Home & Garden
portuguese hand painted tiles,,0.1,synthetic,IAB10 Home & Garden
special coin georges birthday,,0.1,natural,IAB10 Home & Garden
handwoven jute wall hangings,,0.1,synthetic,IAB10 Home & Garden
thai bamboo wall paneling,,0.1,synthetic,IAB10 Home & Garden
pergola cantilevered beams,,0.1,synthetic,IAB10 Home & Garden
Scrapbooking is a great way to connect with your past.,,0.1,synthetic,IAB10 Home & Garden
Beadwork is a form of decorative art that involves the use of beads to create patterns and designs.,,0.1,synthetic,IAB10 Home & Garden
cuban terracotta pottery,,0.1,synthetic,IAB10 Home & Garden
lg g3 coming early july,,0.1,natural,IAB10 Home & Garden
bamboo roman blinds,,0.1,synthetic,IAB10 Home & Garden
swiss alpine meadow wildflower mixes,,0.1,synthetic,IAB10 Home & Garden
lg g3 review,,0.1,natural,IAB10 Home & Garden
emma stone woody allens next alongside joaquin phoenix,,0.1,natural,IAB10 Home & Garden
irish linen embroidered table covers,,0.1,synthetic,IAB10 Home & Garden
rustic stone wall cladding,,0.1,synthetic,IAB10 Home & Garden
portuguese rustic stone fountains,,0.1,synthetic,IAB10 Home & Garden
venetian outdoor mosaic tabletops,,0.1,synthetic,IAB10 Home & Garden
crete style outdoor courtyards,,0.1,synthetic,IAB10 Home & Garden
indian jaali stone screens,,0.1,synthetic,IAB10 Home & Garden
greek kyma pattern border tiles,,0.1,synthetic,IAB10 Home & Garden
taylor swift cries every time sees blue ivy,,0.1,natural,IAB10 Home & Garden
terracotta plant saucers,,0.1,synthetic,IAB10 Home & Garden
"Landscaping can also be used to improve the environmental quality of a site, by providing shade, reducing erosion, and improving air quality.",,0.1,synthetic,IAB10 Home & Garden
venetian tiled water wall features,,0.1,synthetic,IAB10 Home & Garden
cotton voile bed canopies,,0.1,synthetic,IAB10 Home & Garden
pergola with retractable shade cloth,,0.1,synthetic,IAB10 Home & Garden
It is important to take precautions to protect yourself from the elements.,,0.1,synthetic,IAB10 Home & Garden
"Current trends in interior decorating include the use of natural materials, the incorporation of technology, and the emphasis on sustainability.",,0.1,synthetic,IAB10 Home & Garden
Interior decorating can be used to create spaces that are both functional and beautiful.,,0.1,synthetic,IAB10 Home & Garden
role call rooney mara tiger lily,,0.1,natural,IAB10 Home & Garden
greek key pattern tile borders,,0.1,synthetic,IAB10 Home & Garden
vietnamese silk wall hangings,,0.1,synthetic,IAB10 Home & Garden
marble mosaic backsplash,,0.1,synthetic,IAB10 Home & Garden
"The industry is driven by a number of factors, including the aging population, the rising cost of housing, and the increasing popularity of home improvement shows.",,0.1,synthetic,IAB10 Home & Garden
portuguese clay irrigation ollas,,0.1,synthetic,IAB10 Home & Garden
Interior decorating has a significant influence on the overall ambiance and functionality of a home.,,0.1,synthetic,IAB10 Home & Garden
cleaning tips for vinyl flooring,,0.1,synthetic,IAB10 Home & Garden
Vegetarianism is a transformative way to live.,,0.1,synthetic,IAB10 Home & Garden
lighting ideas for tatami rooms,,0.1,synthetic,IAB10 Home & Garden
10 things need know gm recall,,0.1,natural,IAB10 Home & Garden
vintage oak kitchen islands,,0.1,synthetic,IAB10 Home & Garden
tatami traditional floor cushions,,0.1,synthetic,IAB10 Home & Garden
koalas hug trees stop overheating,,0.1,natural,IAB10 Home & Garden
lg g3 video demo,,0.1,natural,IAB10 Home & Garden
linen hand embroidered sheets,,0.1,synthetic,IAB10 Home & Garden
furniture placement in small spaces,,0.1,synthetic,IAB10 Home & Garden
hand painted moroccan tiles,,0.1,synthetic,IAB10 Home & Garden
woven grasscloth ceiling wallpaper,,0.1,synthetic,IAB10 Home & Garden
recalled gm part could cost 25,,0.1,natural,IAB10 Home & Garden
woven rattan wall mirrors,,0.1,synthetic,IAB10 Home & Garden
rustic reclaimed wood benches,,0.1,synthetic,IAB10 Home & Garden
tatami foldable room dividers,,0.1,synthetic,IAB10 Home & Garden
linen lined wicker hampers,,0.1,synthetic,IAB10 Home & Garden
cleaning tips for wooden blinds,,0.1,synthetic,IAB10 Home & Garden
neanderthals ate vegetables,,0.1,natural,IAB10 Home & Garden
balinese carved door panels,,0.1,synthetic,IAB10 Home & Garden
lg g3 debut may 27,,0.1,natural,IAB10 Home & Garden
lg g watch water dust resistant,,0.1,natural,IAB10 Home & Garden
psychedelic mushrooms bring better dream,,0.1,natural,IAB10 Home & Garden
How to plate gourmet dishes like a chef,,0.1,synthetic,IAB10 Home & Garden
terracotta irrigation ollas,,0.1,synthetic,IAB10 Home & Garden
Easy bobotie dish for beginners,,0.1,synthetic,IAB10 Home & Garden
portuguese cork wall tiles,,0.1,synthetic,IAB10 Home & Garden
how to clean fabric lampshades,,0.1,synthetic,IAB10 Home & Garden
hanging rattan egg chairs,,0.1,synthetic,IAB10 Home & Garden
lg g3 late yet awesome,,0.09,natural,IAB10 Home & Garden
lg g3 launching next month,,0.09,natural,IAB10 Home & Garden
pergola steel frame kits,,0.09,synthetic,IAB10 Home & Garden
stainless steel kitchen faucets,,0.09,synthetic,IAB10 Home & Garden
portuguese cork flooring tiles,,0.09,synthetic,IAB10 Home & Garden
thai bamboo lantern covers,,0.09,synthetic,IAB10 Home & Garden
how to hang pendant lights,,0.09,synthetic,IAB10 Home & Garden
turkish kilim area rugs,,0.09,synthetic,IAB10 Home & Garden
swedish pine wooden deck chairs,,0.09,synthetic,IAB10 Home & Garden
Interior decorating can be used to create spaces that are both relaxing and rejuvenating.,,0.09,synthetic,IAB10 Home & Garden
scandinavian hygge woven throws,,0.09,synthetic,IAB10 Home & Garden
copper backsplash tiles,,0.09,synthetic,IAB10 Home & Garden
greek white plaster walls,,0.09,synthetic,IAB10 Home & Garden
scandinavian birch kitchen cabinets,,0.09,synthetic,IAB10 Home & Garden
tributes pour nadine gordimer,,0.09,natural,IAB10 Home & Garden
"So next time you are planning a party or gathering, consider hosting it at home.",,0.09,synthetic,IAB10 Home & Garden
russian crystal cut vases,,0.09,synthetic,IAB10 Home & Garden
tributes continue pour gordimer,,0.09,natural,IAB10 Home & Garden
stenciled wall borders,,0.09,synthetic,IAB10 Home & Garden
ruby dee never forgot northeast ohio roots,,0.09,natural,IAB10 Home & Garden
Some of the notable events in the history of asthma include:,,0.09,synthetic,IAB10 Home & Garden
greek fretwork balustrades,,0.09,synthetic,IAB10 Home & Garden
rice wheat grains define identity,,0.09,natural,IAB10 Home & Garden
portuguese traditional blue and white tiles,,0.09,synthetic,IAB10 Home & Garden
"Herbs can be used in a variety of ways, including teas, tinctures, capsules, and ointments.",,0.09,synthetic,IAB10 Home & Garden
Interior decorating can be used to create spaces that are both timeless and classic.,,0.09,synthetic,IAB10 Home & Garden
"Apartments have played a significant role in the evolution of urban living, providing affordable and convenient housing options for millions of people worldwide.",,0.09,synthetic,IAB10 Home & Garden
Interior decorating can be used to create spaces that are both minimalist and serene.,,0.09,synthetic,IAB10 Home & Garden
easter sunrise willow glen,,0.09,natural,IAB10 Home & Garden
Interior decorating can be used to create spaces that are both sustainable and eco-friendly.,,0.09,synthetic,IAB10 Home & Garden
reclaimed barnwood shelves,,0.09,synthetic,IAB10 Home & Garden
google glass construction,,0.09,natural,IAB10 Home & Garden
poignance blue ivy carter,,0.09,natural,IAB10 Home & Garden
scandinavian birch wood stools,,0.09,synthetic,IAB10 Home & Garden
balinese carved daybeds,,0.09,synthetic,IAB10 Home & Garden
turkish mosaic tile house numbers,,0.09,synthetic,IAB10 Home & Garden
DIY wall paneling ideas,,0.09,synthetic,IAB10 Home & Garden
woven seagrass poufs,,0.09,synthetic,IAB10 Home & Garden
teak root coffee tables,,0.09,synthetic,IAB10 Home & Garden
It is a gift that makes our world a more beautiful and diverse place.,,0.09,synthetic,IAB10 Home & Garden
koalas hug trees cool,,0.09,natural,IAB10 Home & Garden
Some of the notable events in the history of jewelry include:,,0.09,synthetic,IAB10 Home & Garden
cleaning tips for stainless appliances,,0.09,synthetic,IAB10 Home & Garden
DIY wall shelving ideas,,0.08,synthetic,IAB10 Home & Garden
There are a number of natural remedies that can help to relieve symptoms of cold and flu.,,0.08,synthetic,IAB10 Home & Garden
tatami room decoration ideas,,0.08,synthetic,IAB10 Home & Garden
iggy azaleas us 1 equals beatles chart record,,0.08,natural,IAB10 Home & Garden
jada pinkett smith dont pollute willow smithmoises arias bed photo,,0.08,natural,IAB10 Home & Garden
top 10 vines week,,0.08,natural,IAB10 Home & Garden
greenland green,,0.08,natural,IAB10 Home & Garden
It is also important to consider the time of year.,,0.08,synthetic,IAB10 Home & Garden
linen stitched pillow shams,,0.08,synthetic,IAB10 Home & Garden
choosing colors for accent walls,,0.08,synthetic,IAB10 Home & Garden
jenny lewis guide growing,,0.08,natural,IAB10 Home & Garden
arrow recap easy green,,0.08,natural,IAB10 Home & Garden
japanese sumi ink landscape scrolls,,0.08,synthetic,IAB10 Home & Garden
painted ceramic drawer pulls,,0.08,synthetic,IAB10 Home & Garden
porcelain tiled kitchen backsplashes,,0.08,synthetic,IAB10 Home & Garden
scandinavian birch bookcases,,0.08,synthetic,IAB10 Home & Garden
record gm recalls,,0.08,natural,IAB10 Home & Garden
"Cats have been revered and adored throughout history, holding a special place in human culture.",,0.08,synthetic,IAB10 Home & Garden
willow smith 13 photographed bed 20yearold photo,,0.08,natural,IAB10 Home & Garden
"By taking care of your home, you can ensure that it will be a safe and comfortable place to live for years to come.",,0.08,synthetic,IAB10 Home & Garden
shoji paper room dividers,,0.08,synthetic,IAB10 Home & Garden
The future of home recording is bright.,,0.08,synthetic,IAB10 Home & Garden
It is a fun and rewarding way to preserve your memories.,,0.07,synthetic,IAB10 Home & Garden
portuguese azulejo tiles,,0.07,synthetic,IAB10 Home & Garden
surface pro 3 windows,,0.07,natural,IAB10 Home & Garden
great red spot great,,0.07,natural,IAB10 Home & Garden
"It is a source of beauty, inspiration, and knowledge that can enrich our lives.",,0.07,synthetic,IAB10 Home & Garden
fair friend never old,,0.07,natural,IAB10 Home & Garden
