text,iab_label,confidence
mers cases jump saudi arabia death toll rises 81,IAB12 News,0.13
market basket hq workers wont show work friday plan rally,IAB3 Business,0.34
blackberry posts smallerthanexpected loss 2nd update,IAB19 Technology & Computing,0.38
third times charm american idol winner,IAB1 Arts & Entertainment,0.19
hundreds passengers evacuated eurotunnel train breaks,IAB20 Travel,0.5
crow conscious uncoupling end affair arsenal,IAB2 Automotive,0.23
cherry tree blooms years early international space station trip,IAB20 Travel,0.44
update reno running gigafactory california bolts lead,IAB3 Business,0.31
emma stone sof237a vergara mindy kaling react mean tweets,IAB1 Arts & Entertainment,0.11
title cot report 01 july 2014,IAB12 News,0.26
uspto shatters googles attempt trademark glass,IAB19 Technology & Computing,0.13
nasas iris films rare gigantic solar flare video,IAB15 Science,0.18
satya nadella new microsoft ceo speaks code conference,IAB19 Technology & Computing,0.41
tax freedom day finally dont feel free,IAB24 Uncategorized,0.19
actor johnny depp subpoenaed murder case,IAB1 Arts & Entertainment,0.2
parents believe overweight kids healthy,IAB6 Family & Parenting,0.43
fx watching paint dry,IAB1 Arts & Entertainment,0.2
hundreds thousands vote greater democracy hong kong,IAB14 Society,0.13
comet spotted rosettas first sight churymovgerasimenko since wakeup,IAB20 Travel,0.13
bt knocks ftse smith nephew fading takeover prospects,IAB3 Business,0.16
mad men recap season 7 episode 5 runaways,IAB1 Arts & Entertainment,0.13
sofia vergara fiancé nick loeb split shocking modern family star,IAB6 Family & Parenting,0.18
reading rainbow host levar burton 10 things didnt know,IAB24 Uncategorized,0.23
us job gains june beat forecast unemployment rate near 6year low,IAB12 News,0.14
godzilla director gareth edwards helm first standalone star wars film,IAB1 Arts & Entertainment,0.28
congress weighs comcasttime warner merger,IAB3 Business,0.17
skin cancer cases east england thanks 1960s package,IAB12 News,0.12
us navy test futuristic highspeed electromagnetic railgun sea,IAB20 Travel,0.18
alibaba plans us flotation,IAB3 Business,0.46
htc one mini 2 image leak shows shrunken smartphone several colors,IAB19 Technology & Computing,0.15
apple picking old strategy iphone 5c,IAB19 Technology & Computing,0.22
american idol predictions 2014 top 8 make,IAB12 News,0.18
philip morris takes tobacco fight courts,IAB24 Uncategorized,0.12
mad men runaways,IAB20 Travel,0.24
coldplays chris martin performs peter gabriel rock roll hall,IAB1 Arts & Entertainment,0.48
200 mumps cases confirmed ohio,IAB12 News,0.32
talker cosmos makes return,IAB20 Travel,0.23
ftc snapchat deceived customers stored messages,IAB3 Business,0.18
facebook may seek monopoly social networking buy competition expert,IAB24 Uncategorized,0.12
india promising market facebook says sandberg,IAB3 Business,0.13
facebook inc fb buying oculus makes sense,IAB19 Technology & Computing,0.38
facebook buys oculus right move leader vr,IAB19 Technology & Computing,0.52
iata calls global development standards commercial aviation,IAB24 Uncategorized,0.18
godzilla monstrous opening box office,IAB1 Arts & Entertainment,0.25
brian cornell named new target ceo,IAB3 Business,0.19
west nile virus found michigan,IAB12 News,0.16
emc corp emc beat earnings estimates,IAB3 Business,0.56
macklemore defends misunderstood costume,IAB1 Arts & Entertainment,0.19
farewell cristina yang 16 best one liners help cope,IAB23 Religion & Spirituality,0.07
heres fullpage ad disneys sleeping beauty looked like 1959,IAB1 Arts & Entertainment,0.19
binge watching favorite tv shows could killing darn science,IAB15 Science,0.43
bing joins google accepting right forgotten requests,IAB3 Business,0.3
first lady responds school meal critics,IAB12 News,0.25
male researchers make lab mice rats stressout,IAB15 Science,0.14
game thrones rape scene step far different book says,IAB1 Arts & Entertainment,0.22
new species mouselike creature elephant trunk discovered,IAB12 News,0.46
medtronic acquire chief rival covidien,IAB19 Technology & Computing,0.29
dow ends 17000 us jobs jump,IAB4 Careers,0.25
softbank ceo still trying merge us sprint tmobile,IAB3 Business,0.2
mtv movie awards showcases upcoming hollywood studio blockbusters,IAB1 Arts & Entertainment,0.24
johnny weir alleged threatening marriage exclusive,IAB12 News,0.26
angelina jolie stella mccartney join forces maleficent clothing line,IAB18 Style & Fashion,0.46
ebay asks users change passwords security breach,IAB3 Business,0.53
110 arrested outside mcdonalds headquarters,IAB8 Food & Drink,0.6
snl spoofs infamous jay z solange elevator fight,IAB12 News,0.24
electrical stimulation brain alters dreams study,IAB15 Science,0.62
oscar pistorius mental disorder killed girlfriend,IAB17 Sports,0.14
review transformers age extinction paramount pictures,IAB1 Arts & Entertainment,0.12
lorde get married vegas royals singer fools fans inside little white,IAB1 Arts & Entertainment,0.18
yen slides boj holds monetary policy steady,IAB24 Uncategorized,0.11
call eat seven portions fruit veg day,IAB8 Food & Drink,0.29
citigroup recover,IAB3 Business,0.3
2 billion facebook cash bank oculus vr hunts great,IAB19 Technology & Computing,0.21
cavallari cutler welcome 2nd son wvideo,IAB6 Family & Parenting,0.47
economy watch existing home sales edge march mortgage,IAB21 Real Estate,0.32
sideshow beyonce jay z tour philadelphia july 5,IAB20 Travel,0.39
voice stefani replace aguilera,IAB24 Uncategorized,0.07
sierra leone athlete tested ebola,IAB12 News,0.19
new satellite data show possible malaysian jet debris southern indian ocean,IAB12 News,0.27
orange new black season 2 trailer starting feel like home,IAB1 Arts & Entertainment,0.16
animal kingdom helmer directing adaptation michael hastings operators,IAB1 Arts & Entertainment,0.25
pink sunday,IAB18 Style & Fashion,0.18
obama administration picks ceo healthcaregov,"IAB11 Law, Gov’t & Politics",0.28
4000 pounds steak beef recalled concerns mad cow disease,IAB12 News,0.23
google launches chrome extension endtoend sending receiving,IAB24 Uncategorized,0.17
charlie sheen thinks rihanna ungrateful idiot,IAB12 News,0.1
chernin att partner online video,IAB12 News,0.11
big fat greek things sequel,IAB23 Religion & Spirituality,0.13
walgreen wag deutsche bank readthrough medtronic mdt,IAB3 Business,0.45
canadians could get glimpse new meteor shower nasa,IAB15 Science,0.25
sterling weakens investors fret carneys message yen firm,IAB3 Business,0.16
moto 360 cost twice much gear live,IAB17 Sports,0.19
scandal recap 41714 season 3 finale price free fair elections,IAB12 News,0.24
watch caleb johnson sing sting american idol 2014 top 6 april 23,IAB1 Arts & Entertainment,0.36
winning eurovision doesnt mater exhost says,IAB17 Sports,0.32
gold heads first monthly loss 2014 us rates outlook,IAB12 News,0.21
vietnams civil society groups call antichina protests,IAB14 Society,0.4
updated cochrane study stockpiling tamiflu relenza 2b thrown,IAB12 News,0.36
early wrap freddie prinze jr slams kiefer sutherland hobbit 3 trailer,IAB12 News,0.31
beyonce gets parodied snl skit,IAB1 Arts & Entertainment,0.24
new study explains mediterranean diet lowers blood pressure,IAB15 Science,0.38
goonies director teases sequel featuring original cast,IAB1 Arts & Entertainment,0.18
us economic growth 4q revised higher,IAB12 News,0.2
interest rate cant stay low forever,IAB13 Personal Finance,0.17
backlash right forgotten,IAB24 Uncategorized,0.46
local unemployment rate falls,IAB12 News,0.2
geauga ranks top scioto bottom new health survey ohios 88,IAB15 Science,0.32
report fireworks injury rate us highest years,IAB12 News,0.44
us secretary state john kerry arrives new delhi,IAB20 Travel,0.28
colin kaepernick sex claims wrong,IAB12 News,0.24
weird al yankovic takes pharrells happy,IAB24 Uncategorized,0.14
panic obamacare open enrollment ends march 31,IAB12 News,0.12
game thrones season 4 episode 2 sees fans rejoice king joffreys,IAB1 Arts & Entertainment,0.42
nokia lumia 830 leaked,IAB12 News,0.16
first clip maleficent released,IAB12 News,0.16
rolling stones cancel australian show death lwren scott,IAB1 Arts & Entertainment,0.37
junipers revenue tops estimates carriers increase orders 1,IAB3 Business,0.27
intel google facebook others boost open source support prevent,IAB19 Technology & Computing,0.25
rights group says syrian government hindering aid,"IAB11 Law, Gov’t & Politics",0.1
first case chikungunya reported saint louis county,IAB12 News,0.57
ford set name fields ceo,IAB4 Careers,0.12
landed star wars episode vii abu dhabi ready start shooting,IAB1 Arts & Entertainment,0.47
us consumer prices rise 04 percent may biggest increase 15 months,IAB14 Society,0.12
usdchf falls 014 pmi data,IAB15 Science,0.12
scientist say document jesus wife likely ancient,IAB15 Science,0.34
pharrell williams cries happy tears interview oprah,IAB12 News,0.29
worst video game ever diggers find ataris et landfill,IAB24 Uncategorized,0.19
beyoncé blue ivy show vmas,IAB1 Arts & Entertainment,0.48
got lindsay lohan pregnant 2014 miscarriage revealed filming,IAB6 Family & Parenting,0.19
harry potter married going gray new rowling writing,IAB9 Hobbies & Interests,0.09
tie kangaroo songwriter rolf harris convicted sex crimes,IAB1 Arts & Entertainment,0.12
google forgets stories uk news sites,IAB12 News,0.48
drake chris brown appear sports awards skit,IAB17 Sports,0.82
sabotage much blood little point,IAB24 Uncategorized,0.15
googles smartwatch rise wearables,IAB19 Technology & Computing,0.22
cologuard cancer test aces fda panel review,IAB15 Science,0.25
new 2014 county health rankings healthy county,IAB12 News,0.46
hear pharrell alicia keys kendrick lamar team,IAB1 Arts & Entertainment,0.21
google glass future,IAB19 Technology & Computing,0.16
yes watch new trailer orange new black,IAB12 News,0.24
report pikes peak rider airlifted hospital,IAB12 News,0.63
congressional report says ecigarette industry regulated,"IAB11 Law, Gov’t & Politics",0.38
jobs drive dow sp records short session,IAB4 Careers,0.35
ebola scare sierra leona athlete cleared carrying killer virus,IAB17 Sports,0.22
us retail sales higher may,IAB3 Business,0.22
china determined peace stability south china sea vice fm,IAB14 Society,0.13
ios 8 release date key features everything else need know,IAB19 Technology & Computing,0.17
smith wesson holding corp lowered neutral dougherty co swhc,IAB3 Business,0.13
dancing stars 2014 cast parties disney week photos,IAB1 Arts & Entertainment,0.49
physician group recommends ditching routine pelvic exams,IAB12 News,0.13
mcdonalds sees april sales growth profit fell,IAB3 Business,0.39
mila kunis pregnant ashton kutchers first child,IAB6 Family & Parenting,0.56
jesus wife papyrus scrap fake also doesnt prove wife,IAB23 Religion & Spirituality,0.27
windows 81 update mandatory update windows 81 users,IAB19 Technology & Computing,0.09
scarce water key worry new white house climate change report,IAB12 News,0.49
omaha killer sent psychiatric hospital,IAB12 News,0.22
automaker stocks news tesla motors nasdaqtsla toyota motor corp,IAB2 Automotive,0.61
us raises wto kerry talks indian finance minister,IAB12 News,0.18
alibaba buy singpost stake usd249m,IAB3 Business,0.33
france protect alstom jobs,IAB4 Careers,0.22
rip paul horn,IAB12 News,0.09
amaya gaming purchase pokerstars mean new jersey online,IAB17 Sports,0.22
switzerland launches investigation currency manipulation,IAB12 News,0.25
pierce brosnan still looks suave 61 heads lunch mum,IAB6 Family & Parenting,0.18
rolf harris guilty woman brought one australias famous,IAB12 News,0.22
barack obama says life dc boring scandal house,IAB14 Society,0.32
look away study finds health benefit wine chocolate,IAB24 Uncategorized,0.29
irs employees recieved bonuses despite tax compliance problems,IAB3 Business,0.16
oil prices rising,IAB24 Uncategorized,0.18
today free cone day ben jerrys,IAB8 Food & Drink,0.58
summer 2014 boxoffice preview,IAB3 Business,0.12
aol advises password change security breach,IAB19 Technology & Computing,0.11
stocks slide discouraging news asia,IAB12 News,0.58
heartbleed changing passwords isnt enough,IAB19 Technology & Computing,0.22
lg g3 55 ips display put test,IAB12 News,0.09
three us states sue 5hour energy drink false crash advertising,"IAB11 Law, Gov’t & Politics",0.34
christina ricci expecting first child husband james heerdegen,IAB6 Family & Parenting,0.49
nikkei futures fall yen gains citigroup slips market,IAB12 News,0.14
cisco plans worlds largest global intercloud,IAB19 Technology & Computing,0.68
using meth pregnant thats assault tennessee,IAB12 News,0.2
google gets tones right,IAB19 Technology & Computing,0.09
windows xp support ends survival tips stay safe,IAB19 Technology & Computing,0.14
amazon snares classic tv shows,IAB1 Arts & Entertainment,0.1
amazon smartphone compete real time insight,IAB19 Technology & Computing,0.2
journeys steve perry randomly majestically comes retirement eels,IAB20 Travel,0.7
gsms pick preview potential match,IAB15 Science,0.28
song written harry styles set appear new ariana grande album,IAB1 Arts & Entertainment,0.24
chris pratt surprises kids guardians galaxy screening steals,IAB6 Family & Parenting,0.18
carlyle poaches dimon protege,IAB16 Pets,0.27
final card sundays wwe money bank ppv two matches added,IAB17 Sports,0.31
pat sajak rants global warming twitter,IAB16 Pets,0.13
netflixs orange new black season 2 set air june 6,IAB1 Arts & Entertainment,0.19
veronica mars surprises box office numbers find much made,IAB1 Arts & Entertainment,0.39
video river flows outside katzs deli houston st water main break,IAB8 Food & Drink,0.33
pritzker prize 2014 shigeru ban,IAB3 Business,0.09
kanye west gets booed fans 20 minute wireless festival rant,IAB1 Arts & Entertainment,0.18
walmart enter used videogame business,IAB3 Business,0.59
xmen atop holiday opener bests 111m,IAB17 Sports,0.22
google inc apple inc make peace patent lawsuits,IAB19 Technology & Computing,0.31
us sue citigroup,IAB3 Business,0.19
epa stakes authority waterways354 pm et,IAB20 Travel,0.16
nasa kepler telescope identifies earthlike planet date lies ideal,IAB15 Science,0.42
15 million trip space leo dicaprio,IAB20 Travel,0.7
orlando bloom erica packer seen hugging ibiza fight,IAB17 Sports,0.29
pfizer drops 118 bln bid astrazeneca,IAB3 Business,0.18
stanley tucci talks transformers age extinction reveals new clip,IAB12 News,0.24
airlines struggling break even make less 4 profit per passenger,IAB20 Travel,0.36
weekend box office wrap may 25th 2014,IAB1 Arts & Entertainment,0.19
jp morgan pledges 100 million help rebuild detroit,IAB12 News,0.16
sony considering possibility last us remastered discount,IAB14 Society,0.53
hope still met mother spinoff cbs might reconsider casting,IAB1 Arts & Entertainment,0.16
imfs apology subverts status,IAB24 Uncategorized,0.38
alachua county ranks highly health issues,IAB12 News,0.19
nypd officers carry heroin overdose antidote,IAB12 News,0.13
dream debut,IAB24 Uncategorized,0.12
toyota camry gets makeover,IAB2 Automotive,0.76
tired floundering chain darden cuts losses red lobster sale,IAB3 Business,0.43
gold ends near steady rebound us dollar index limits gains,IAB3 Business,0.1
youtube allows government super flaggers delete 20 videos time,IAB24 Uncategorized,0.16
macbook air refresh speeds processor cuts price still,IAB19 Technology & Computing,0.51
8 must know things heartbleed bug,IAB24 Uncategorized,0.14
bachelorette twonight bachelorette special event,IAB12 News,0.14
high bp sugar teenage may lead dementia,IAB24 Uncategorized,0.15
salmonella outbreak leads foster farms chicken issue recall,IAB12 News,0.15
facebook allows ask somebody relationship status,IAB12 News,0.1
titanfall save xbox one,IAB1 Arts & Entertainment,0.12
weibo shares surge chinese sites first day trading,IAB3 Business,0.13
rptupdate 1microsofts ceo may unveil office ipad march 27 source,IAB19 Technology & Computing,0.37
transformers tops box office weak july 4 weekend,IAB1 Arts & Entertainment,0.55
disney acquire maker studios house pewdiepie fame,IAB1 Arts & Entertainment,0.39
microsoft axes 18000 jobs,IAB3 Business,0.31
tesla bmw nissan meeting secret discuss charging tech,IAB2 Automotive,0.45
samsung galaxy f poses camera,IAB14 Society,0.08
game comcast twc file deal fcc,IAB19 Technology & Computing,0.46
marcus callender newcomers round lead roles nwa biopic,IAB1 Arts & Entertainment,0.19
miley cyrus postpones us tour extreme allergic reaction,IAB20 Travel,0.61
voice season 6 2014 battles round 2 part 3 recap spoilers,IAB12 News,0.15
amazoncom inc amzn vs netflix inc nflx battle cult classics,IAB17 Sports,0.57
amazon wields monopolists power publisher hachette,IAB3 Business,0.38
beyonces latest instagram photos make want book holiday,IAB20 Travel,0.54
kim kardashian write eloquent letter racism ghostwritten,IAB24 Uncategorized,0.17
windows 9 preview unveiled q2q3 2015 report,IAB12 News,0.16
cryosat finds sharp increase antarcticas ice losses,IAB15 Science,0.27
nokia microsoft mobiles end nokia brand,IAB19 Technology & Computing,0.2
ohios gas prices holding steady,IAB12 News,0.17
apple beats deal music streaming hardware,IAB3 Business,0.15
google viacom settle youtube copyright suit,IAB3 Business,0.2
graham chapman missing monty python member,IAB16 Pets,0.2
voice final results coldplay onerepublic ed sheeran perform video,IAB5 Education,0.49
constancio says ecb ready act swiftly low inflation,IAB3 Business,0.4
morgan stanley reduces risky fixedincome assets 5 pct,IAB3 Business,0.15
microsoft ends windows xp support service,IAB19 Technology & Computing,0.24
us health system ranks first cost last quality study,IAB14 Society,0.19
american idol video season 13 top 4 perform recap,IAB1 Arts & Entertainment,0.28
surface pro 3 portability,IAB19 Technology & Computing,0.08
us auto sales expected rise 2 percent march chrysler sees doubledigit gain,IAB2 Automotive,0.28
us states begin probe ebay complaints mount,IAB3 Business,0.23
ford posts best may retail sales tenyears,IAB3 Business,0.21
study lowdose aspirin may reduce risk cancers,IAB15 Science,0.47
facebooks virtual reality buy turns investors stocktwits,IAB19 Technology & Computing,0.12
disney star zendaya play late rb singer aaliyah new biopic movie,IAB1 Arts & Entertainment,0.49
painful mosquitoborne chikungunya virus appears united states,IAB12 News,0.18
stocks gain slightly quiet day,IAB24 Uncategorized,0.26
japan consumer prices rise fastest pace since 1982,IAB13 Personal Finance,0.19
equalizer first trailer arrives,IAB24 Uncategorized,0.12
kanye west booed rant wireless festival london,IAB20 Travel,0.2
game thrones breaks illegal download records 15 million copies pirated,IAB1 Arts & Entertainment,0.2
johnny depp finally speaks engagement amber heard,IAB1 Arts & Entertainment,0.13
kevin sharp dead 43,IAB12 News,0.1
riders get 1st turns big vegas ferris wheel,IAB1 Arts & Entertainment,0.26
xmen days future past spoiler post,IAB12 News,0.17
spot three girls allusions dom hemingway,IAB20 Travel,0.12
powdered alcohol approved feds,"IAB11 Law, Gov’t & Politics",0.12
us california lawmakers reject soft drinks health warning bill,"IAB11 Law, Gov’t & Politics",0.21
first picture henry cavill superman batman v superman dawn justice,IAB1 Arts & Entertainment,0.38
us home sales climbed 13 percent april sales still 2013 pace,IAB21 Real Estate,0.29
jermaine jackson says new mj music wrong,IAB1 Arts & Entertainment,0.16
amid challenges garth brooks five soldout ireland shows canceled,IAB1 Arts & Entertainment,0.28
us confirms second mers case,IAB14 Society,0.19
beating ebay alibabas rise multibilliondollar roller coaster successes,IAB3 Business,0.19
20 still use windows xp clients fear linux option,IAB19 Technology & Computing,0.15
kelly clarkson welcomes baby girl,IAB6 Family & Parenting,0.43
new microsoft surface pro 3 photos,IAB19 Technology & Computing,0.43
robin thicke apologizes estranged wife paula patton bet awards,IAB6 Family & Parenting,0.14
marvel debuts female thor,IAB1 Arts & Entertainment,0.22
internet ad spend surpasses broadcast,IAB24 Uncategorized,0.19
mh370 lost indian ocean stories final day,IAB12 News,0.29
windows 9 could first freemium os report,IAB19 Technology & Computing,0.13
olivia palermo get married,IAB12 News,0.18
oculus rift officially sued allegedly stealing headset technology,IAB19 Technology & Computing,0.18
business briefs,IAB3 Business,0.71
officials dispute report malaysian jet kept flying hours,IAB12 News,0.18
google launches addon store google docs,IAB24 Uncategorized,0.22
new alibaba service facilitate us eretail sales china,IAB3 Business,0.28
amazon appstore selection nearly triples yearoveryear,IAB24 Uncategorized,0.1
americans think alzheimers falls behind financial support affects,IAB14 Society,0.12
kevin smith hints color ben afflecks batman suit man steel 2,IAB18 Style & Fashion,0.2
total eclipse paints moon red,IAB15 Science,0.12
cliffy b weighs facebooks oculus purchase notch look like pouty kid,IAB19 Technology & Computing,0.15
fed going move rates burst bubbles,IAB20 Travel,0.13
neil patrick harris got jared leto manorexic new role,IAB12 News,0.17
guardians galaxy marvels outthere adventure yet,IAB20 Travel,0.31
nestle aereo teva pfizer momenta intellectual property 1,IAB16 Pets,0.41
intel unveils thin fanless tablet reference design based broadwell,IAB19 Technology & Computing,0.54
brett melnick talks eric hill next bachelor speed dating,IAB12 News,0.21
macklemore apologizes concert costume called antisemitic,IAB1 Arts & Entertainment,0.33
box files ipo hopes raise 181m,IAB3 Business,0.14
meredith fold ladies home journal updated,IAB24 Uncategorized,0.09
200 people screened melanoma monday,IAB12 News,0.15
snubbed south washington loses boeing 78710 dreamliner,IAB20 Travel,0.19
homeland actor james rebhorn dies age 65,IAB1 Arts & Entertainment,0.17
marijuana effectively reduces seizures epilepsy patients,IAB15 Science,0.14
tim hortons timeline humble beginnings 4000plus locations,IAB3 Business,0.16
amazons ceo jeff bezos introduces new fire phone,IAB3 Business,0.27
36 people rushed hospital avicii show boston,IAB1 Arts & Entertainment,0.22
taylor swiftâs mansion place july 4th ask emma stone,IAB21 Real Estate,0.16
taco bell president reveals company add even breakfast items,IAB8 Food & Drink,0.25
diane sawyer step abcs world news,IAB12 News,0.8
heres arya stark fooled everyone comiccon,IAB1 Arts & Entertainment,0.32
squee sick baby goat walks help tiny wheelchair,IAB16 Pets,0.27
carney faces questions foreign exchange scandal,IAB12 News,0.18
critical intent roger eberts life film,IAB1 Arts & Entertainment,0.09
gaga rocks roseland ballroom brief birthday show,IAB1 Arts & Entertainment,0.64
stocks close record levels,IAB3 Business,0.15
americans cool labgrown organs designer babies,IAB15 Science,0.33
eve marries millionaire maximillion cooper ibiza,IAB20 Travel,0.27
xmen days future past earns 281 million first weekend,IAB1 Arts & Entertainment,0.21
obamas cosmos intro new frontiers explore need,IAB20 Travel,0.25
obama administration overhauling poultry plant inspections,"IAB11 Law, Gov’t & Politics",0.34
drought forces puerto rico begin rationing water,IAB12 News,0.22
rolf harris jail sentence reviewed attorney general,"IAB11 Law, Gov’t & Politics",0.41
activision places 500m bet destiny,IAB17 Sports,0.15
tibetans inherited gene highaltitude living ancient humans,IAB20 Travel,0.17
stacy keibler marries jared pobre secret wedding,IAB12 News,0.14
officials 18 million lbs ground beef recalled,IAB12 News,0.46
season premiere love hate,IAB24 Uncategorized,0.12
celine dion helps man make flight delay,IAB20 Travel,0.42
kids try return cute lost alien planet earth echo,IAB20 Travel,0.16
andi dorfman josh murray update fans good morning america,IAB12 News,0.5
symantec terminates employment president ceo steve bennett,IAB3 Business,0.31
google glass lead engineer joins facebooks oculus,IAB19 Technology & Computing,0.45
hp 7 plus even budget friendly tablet,IAB19 Technology & Computing,0.33
morgan stanley feels uncertain liberty media going forward,IAB24 Uncategorized,0.17
doj signals action banks within weeks banking reads,IAB3 Business,0.65
sp 500 gains global growth prospects,IAB17 Sports,0.34
libya says north korean oil ranker morning glory seized,IAB12 News,0.16
game developers oculus acquisition feeling validated wrong,IAB24 Uncategorized,0.23
smith pegged star movie nfl concussions,IAB17 Sports,0.7
watch apples wwdc 2014 keynote online,IAB12 News,0.11
gold silver prices regain renewed buying amid global support,IAB3 Business,0.12
rebased gdp likely make nigeria africas 1 economy,IAB3 Business,0.2
teslas new one obama gets message murdoch prowl top,IAB12 News,0.31
health official report flesheating fatality sarasota county false,IAB12 News,0.3
twitter unveils new profile page design,IAB9 Hobbies & Interests,0.08
experts call shift solar wind energy use reduce carbon emissions,IAB15 Science,0.24
album review robin thicke paula,IAB1 Arts & Entertainment,0.2
worldwide trailer debut dawn planet apes,IAB12 News,0.19
nike refutes fuelband shutdown reports says new color options incoming,IAB17 Sports,0.36
resveratrol red wine boost longevity health,IAB8 Food & Drink,0.19
dave chappelle recalls meeting kanye west first time,IAB1 Arts & Entertainment,0.3
lower food prices coming,IAB8 Food & Drink,0.4
europe open stocks rise ahead german us confidence data,IAB3 Business,0.22
kim kardashian kanye west relationship new vogue cover girl jealous,IAB18 Style & Fashion,0.35
stocks continue see modest weakness midday trading us commentary,IAB24 Uncategorized,0.15
samsung patent found design round smartwatch face,IAB19 Technology & Computing,0.2
jessica simpsons wedding photo first photo jessicas big day released,IAB12 News,0.22
merck hepatitis c drug shows 98 cure rate midstage trial,IAB15 Science,0.21
corn acres expected shrink across us soybean acres expected grow,IAB12 News,0.18
gregg allman film director charged crew death,IAB12 News,0.14
kendall jenner cant sit dress met gala 2014,IAB18 Style & Fashion,0.38
va director phoenix hospital got 9k bonus,IAB3 Business,0.35
boeing quarterly profit climbs 965 million,IAB3 Business,0.6
last week mercedes us head kicking dirt teslas eyes today,IAB12 News,0.16
xbox one sales double june,IAB19 Technology & Computing,0.2
miley cyrus hospitalized severe allergic reaction,IAB6 Family & Parenting,0.13
days future past time immutability,IAB24 Uncategorized,0.17
facebook toys peoples emotions,IAB24 Uncategorized,0.14
moon appear red lunar eclipse,IAB20 Travel,0.1
kris jenners bikini instagram copying kim kardashian,IAB18 Style & Fashion,0.35
tesco launch android smartphone,IAB19 Technology & Computing,0.29
beyonces sister caught attacking jay z,IAB6 Family & Parenting,0.31
ecigarettes may help give smoking,IAB24 Uncategorized,0.1
bmo harris bank wells interest rates home mortgages jun 29 2014,IAB3 Business,0.32
organic foods may help prevent cancer study,IAB15 Science,0.37
mits fingerreader device helps people vision impairment read,IAB24 Uncategorized,0.08
health ministry focused special attention control spread mers,IAB24 Uncategorized,0.11
chris brown drake make fun feud hilarious espy skit,IAB1 Arts & Entertainment,0.28
mick jagger drove brink suicide says stones logo artist,IAB1 Arts & Entertainment,0.11
chet kanojias aereo inc case streaming tv case us supreme court,IAB12 News,0.11
robin thickes talent shines paula,IAB16 Pets,0.24
chipotle bags contain words whimsy toni morrison malcolm,IAB24 Uncategorized,0.13
online dating site okcupid urges users boycott firefox protests mozillas new,IAB12 News,0.19
video captures one direction members joking marijuana smoking,IAB12 News,0.19
canadian stocks fluctuate hudbay drops blackberry,IAB3 Business,0.2
hair today blond tomorrow 11 celebs gone gold,IAB24 Uncategorized,0.13
virginia revises winter wheat crop forecast,IAB12 News,0.31
market structure nightmare comes true barclays action,IAB3 Business,0.38
elon musk cant name next tesla car model e spell sex,IAB24 Uncategorized,0.43
congress investigating gm recall,"IAB11 Law, Gov’t & Politics",0.35
usrussia space ties remain unaffected amid ukraine crisis,IAB20 Travel,0.2
garth brooks concert debacle major impact irelands reputation,IAB1 Arts & Entertainment,0.27
pimco suffers 14th month outflows total return fund,IAB24 Uncategorized,0.14
newlydiscovered world gives astronomers new tool find planets,IAB12 News,0.36
amazons unveils fire phone 3d effects gesture controls buy,IAB19 Technology & Computing,0.25
country singer brad paisley posts selfies westboro members kltvcom,IAB12 News,0.29
maker said monday board majority shareholders,IAB3 Business,0.22
amazon spends nearly billion dollars,IAB3 Business,0.42
even 5minute run great heart health,IAB7 Health & Fitness,0.33
car sales 2nd year running job loss pegged 15 lakh,IAB2 Automotive,0.57
southwest airlines hilarious flight attendant marty cobb proves us airways isnt,IAB20 Travel,0.26
deutsche bank raise us11bn help qatar,IAB3 Business,0.38
garminr launches víagotm featurepacked navigation app starting,IAB19 Technology & Computing,0.12
jennifer lopez honored 2014 billboard music awards receive icon,IAB1 Arts & Entertainment,0.12
police seek medical records hot car death,IAB2 Automotive,0.24
blackshades malware hijacked half million computers fbi says,IAB19 Technology & Computing,0.29
microsoft planning huge job cuts nokia acquisition report,IAB3 Business,0.33
state rep resigning lead aids action committee mass,"IAB11 Law, Gov’t & Politics",0.21
chris hemsworth charlize theron back huntsman spinoff,IAB1 Arts & Entertainment,0.25
james gunns guardians galaxy may entirely kid friendly,IAB6 Family & Parenting,0.19
us ism nonmanufacturing index increased april,IAB3 Business,0.18
mtv movie awards zac efron goes topless thanks lusty rita ora ripping,IAB1 Arts & Entertainment,0.38
orbitalbuilt oco2 satellite ready launch,IAB20 Travel,0.16
first stem cell study bipolar disorder offers hope better treatments,IAB15 Science,0.54
raised cholesterol levels delays pregnancy study,IAB6 Family & Parenting,0.24
apple deal may make dr dre first billionaire hiphop bittersweet,IAB19 Technology & Computing,0.16
john oliver ready talk,IAB12 News,0.16
gm recalls 34m cars,IAB2 Automotive,0.63
gwen stefani joins voice,IAB12 News,0.07
toyota pay 12 billion penalty safety issues,IAB3 Business,0.15
fried foods effects may greater people obesity genes,IAB8 Food & Drink,0.27
travel channel holds adam richmans new food show,IAB20 Travel,0.7
sandra bullock stalker outside bedroom,IAB24 Uncategorized,0.12
cdc chief anthrax gaffe shouldnt happened,IAB12 News,0.22
gasoline prices poised rise,IAB12 News,0.16
prince returns essence music festival highenergy performance,IAB1 Arts & Entertainment,0.4
chrysler group automaker jeep dodge brands saw us auto sales jump,IAB2 Automotive,0.8
fda extends reach ecigarettes proposal,"IAB11 Law, Gov’t & Politics",0.26
titanfalls first dlc called expedition hits three maps may,IAB20 Travel,0.23
sheryl sandberg sells half facebook shares two years,IAB4 Careers,0.08
health care workshops scheduled,IAB24 Uncategorized,0.16
wall street climbs amid encouraging data,IAB3 Business,0.37
batman v superman dawn justice official title much anticipated,IAB12 News,0.28
mount st helens eruption rare aerial photos never seen shot preceding,IAB24 Uncategorized,0.13
michael lewis stock market rigged,IAB12 News,0.17
rare wood stork found florida georgia south carolina,IAB20 Travel,0.12
barriejames oneill barriejames oneill lana del rey,IAB12 News,0.08
bob dylans like rolling stone lyrics top 2 million auction,IAB9 Hobbies & Interests,0.09
pablo picasso hidden portrait found beneath famous painting blue room,IAB16 Pets,0.14
sarah michelle gellar disses kim kardashian vogue cover,IAB18 Style & Fashion,0.18
att padfone x finally available june 6th,IAB19 Technology & Computing,0.23
gold rises slightly electronic trading oil slides 104,IAB24 Uncategorized,0.13
asx volatile day,IAB12 News,0.12
hollywood playbook thursdays top 5 news items,IAB12 News,0.67
lirr union talks go night,IAB24 Uncategorized,0.18
spotify adds sleep playlists songza discovers power weather,IAB24 Uncategorized,0.1
narendra modis facebook page fastest growing elected leader,"IAB11 Law, Gov’t & Politics",0.17
gm recalls 474000 cars additional recalls,IAB2 Automotive,0.49
ecig industry awaits federal regs,IAB19 Technology & Computing,0.47
ebola outbreak kills nearly 60 guinea,IAB12 News,0.13
dogs floppy ears symptom domestication syndrome,IAB16 Pets,0.68
noah criticizers present gospel contradiction,IAB24 Uncategorized,0.23
wheat crop looking good prices lower,IAB12 News,0.25
update investors shrug argentina brinkmanship,IAB12 News,0.5
beef filet filling cash came nbc40net,IAB12 News,0.28
sharebuying frenzy defies logic,IAB13 Personal Finance,0.15
allergan inc nyseagn offer new takeover bid toshire plc adr,IAB3 Business,0.27
marc anthony ordered double child support exwife dayanara torres,IAB6 Family & Parenting,0.43
drove mobileye 50 higher premium ipo pricing,IAB19 Technology & Computing,0.4
tyson foods receives consensus recommendation hold brokerages,IAB8 Food & Drink,0.17
mark zuckerberg goes detail facebook connectivity lab internetorg,IAB19 Technology & Computing,0.32
george rr martins winds winter new chapter released,IAB12 News,0.43
horrible bosses 2 trailer jennifer aniston gets dirty good way,IAB1 Arts & Entertainment,0.13
bruce jenner reportedly walk kim kardashian aisle bridemaids,IAB12 News,0.21
att htc one mini android 442 update released,IAB19 Technology & Computing,0.19
taoiseach garth brooks situation badly handled around,IAB12 News,0.11
retail sales increase us march,IAB22 Shopping,0.24
met gala 2014 streaker rocks hot pink mankini gold chain,IAB18 Style & Fashion,0.34
tonight big brother 16 week 1 live eviction hoh,IAB12 News,0.23
blood red moon,IAB24 Uncategorized,0.12
diane sawyer stepping anchor position,IAB12 News,0.18
lupita nyongo named beautiful celebrity world people,IAB1 Arts & Entertainment,0.09
stream weird al yankovics new album mandatory fun,IAB1 Arts & Entertainment,0.24
eyes deceive kim kardashians big ol nipple,IAB24 Uncategorized,0.13
pope cleans scandalridden vatican bank,IAB12 News,0.22
movie review amazing spiderman 2 gets caught messy web,IAB1 Arts & Entertainment,0.32
harry potter spinoff trilogy,IAB1 Arts & Entertainment,0.4
epic fail teenage mutant ninja turtles offended everyone,IAB12 News,0.31
west africa ebola outbreak still spreading situation serious says,IAB12 News,0.38
premarket primer thursday march 27 citigroup falls short stress tests,IAB3 Business,0.35
labor market still needs fed support yellen says,IAB3 Business,0.33
barclays boss job cuts damage bank,IAB3 Business,0.45
kat deluna roseanne barr 5 worst national anthem performances,IAB1 Arts & Entertainment,0.14
everything know far iphone 6,IAB19 Technology & Computing,0.28
healthcare market rises merger monday deals,IAB4 Careers,0.22
facebook fb keeps pushing boundaries far mood study,IAB24 Uncategorized,0.16
andrew garfield disrespects beyoncé kisses chris martin snl,IAB12 News,0.18
rapper andre johnson severs penis jumps building alleged suicide,IAB12 News,0.26
steve martin says father bride 3,IAB6 Family & Parenting,0.26
real world alum halle berry choose play best friend,IAB9 Hobbies & Interests,0.2
rbis decision reduce overnight repo limits help liquidity management icra,IAB3 Business,0.18
australia wins historic icj whaling case,IAB12 News,0.21
white house report says climate change immediate us impact,IAB12 News,0.48
wont believe whats living money,IAB24 Uncategorized,0.25
day 8 behind scenes cannes film festival,IAB1 Arts & Entertainment,0.25
thousands copies worst video game ever found,IAB24 Uncategorized,0.22
matt damon ice bucket challenge toilet water 800 million,IAB17 Sports,0.21
ouch celebrities read mean tweets,IAB24 Uncategorized,0.19
ebay inc carl icahn settle proxy fight,IAB3 Business,0.6
optical test spot alzheimers,IAB24 Uncategorized,0.1
middlesex county healthiest mass hampden worst,IAB7 Health & Fitness,0.14
health alert aspirin could cut risk pancreatic cancer,IAB12 News,0.68
businessweek hijacks samsung galaxy s5 launch highlight,IAB3 Business,0.68
treasury sells 42bn lloyds shares,IAB3 Business,0.11
pic jennifer lawrence makes stunning bridesmaid brothers wedding,IAB18 Style & Fashion,0.29
forex yen sightly weaker feb trade deficit higher expected,IAB3 Business,0.17
pfizer confirms desire buy astrazeneca,IAB12 News,0.14
rare mono mono twins born holding hands,IAB6 Family & Parenting,0.24
nokia superman revealed windowspowered selfie phone tipped arrive,IAB19 Technology & Computing,0.2
update 1ecb warns investors gamble profit could backfire,IAB12 News,0.19
wayne coyne miley cyrus drugs made nsfw movie,IAB1 Arts & Entertainment,0.28
spring allergies could even worse year,IAB24 Uncategorized,0.15
booze brand references pop music could drive teens binge drink,IAB12 News,0.15
hate facebook reminding us powerful,IAB24 Uncategorized,0.1
ipo roundup 4 companies make debut thursday,IAB3 Business,0.19
galaxy s5 costs 256 build according ihs teardown,IAB15 Science,0.17
new study says five daily servings fruit vegetables isnt enough,IAB15 Science,0.26
irs reminds taxpayers common errors made lastminute tax filers,IAB12 News,0.14
ebola outbreak wont change plans africa summit officials say,IAB12 News,0.26
dj expresses sympathy 36 hospitalized avicii concert,IAB1 Arts & Entertainment,0.24
online history wipe google overreacting,IAB24 Uncategorized,0.2
federal judge denies request park recalled gm cars,IAB2 Automotive,0.33
heir priceless naziera art hoard dies aged 81,IAB24 Uncategorized,0.12
rajeev suris name new ceo nokia,IAB19 Technology & Computing,0.25
clone wars review tv series orphan black,IAB24 Uncategorized,0.19
haute 100 ny update hillary clinton almost named book scrunchie,IAB12 News,0.25
miley cyrus disses liam hemsworth london concert,IAB1 Arts & Entertainment,0.4
new trailer poster arrive 24 live another day,IAB1 Arts & Entertainment,0.19
gm responds safety scandal recalling 15 million vehicles,IAB2 Automotive,0.49
police record zac efron attack,IAB12 News,0.16
iphone ipads australia nz hacked phone owners ordered pay ransom,IAB19 Technology & Computing,0.23
nd produces 1 million barrels oil day due large part rich,IAB3 Business,0.15
behind twaddle gwyneth human,IAB24 Uncategorized,0.2
jessica simpson eric johnson exchange vows san ysidro ranch front,IAB17 Sports,0.09
may death vs life,IAB24 Uncategorized,0.24
dolly parton celebrates 100 million album sales surprise award,IAB1 Arts & Entertainment,0.53
stocks futures weak following losses,IAB24 Uncategorized,0.15
miley cyrus denies rumors drug overdose,IAB12 News,0.25
poor sleep could leave kids obese age 7,IAB6 Family & Parenting,0.3
enws wells fargo cutting back interestonly loans dollar general,IAB3 Business,0.23
china widens rmb yuan daily trading band,IAB3 Business,0.17
sarasota county sheriffs office joins operation dry water,IAB24 Uncategorized,0.14
del closes i495 bridge column tilt,IAB20 Travel,0.19
leaked galaxy s5 zoom images samsung galaxy k finally looking like,IAB19 Technology & Computing,0.2
astrazeneca backer slams pfizer aggression,IAB3 Business,0.14
batman v superman v kramer sequels need,IAB17 Sports,0.31
chicago home prices rising slightly faster nation,IAB21 Real Estate,0.61
facebook intros expanded targeting options,IAB9 Hobbies & Interests,0.07
hobbit battle five armies,IAB24 Uncategorized,0.15
google play market helping developers around world,IAB19 Technology & Computing,0.13
insurance premiums skyrocketed obamacare,"IAB11 Law, Gov’t & Politics",0.17
apple roundup china mobile subsidies fq2fq3 expectations,IAB12 News,0.17
happy birthday north west,IAB20 Travel,0.09
nestcontinuestoexpandwithdeveloperplatform,IAB19 Technology & Computing,0.16
posted shoaiburrehman siddiqui,IAB12 News,0.25
red meat may raise breast cancer risk,IAB15 Science,0.18
barclays reveal 20000 job losses report,IAB3 Business,0.43
lunar eclipse blood moon,IAB15 Science,0.2
foxs president expresses concerns comcasttime warner merger,IAB12 News,0.36
thestreet ratings team says cocacola ko stock buy,IAB17 Sports,0.2
back usa paul mccartney returns stage virus tributes,IAB1 Arts & Entertainment,0.26
militants claim sabotage nigerian oil line,IAB12 News,0.32
rihanna leaves little anything imagination sheer swarovski gown,IAB18 Style & Fashion,0.26
bachelorette handle eric hills passing show sensitive,IAB1 Arts & Entertainment,0.16
google launches explorer programme bring google glass uk,IAB19 Technology & Computing,0.16
gold read turn around,IAB20 Travel,0.18
residents tell senate committee oppose increase number oil trains,"IAB11 Law, Gov’t & Politics",0.21
cdc tracks high rates painkiller prescriptions southern states,IAB12 News,0.11
twitter flies surprisingly strong numbers,IAB19 Technology & Computing,0.09
vast ocean hiding beneath earths surface,IAB15 Science,0.19
largescale asteroids hit earth 3 10 times earlier revealed,IAB12 News,0.43
extremely cold conditions expected increase due climate change,IAB12 News,0.2
surface pro 2 vs surface pro 3 pricing specifications comparison,IAB3 Business,0.15
iphone 5s vs sony xperia z1 comparison specifications,IAB19 Technology & Computing,0.19
pfizer astrazeneca deal uk government makes apology getting,IAB3 Business,0.19
silly conservative war stephen colbert,IAB24 Uncategorized,0.11
passenger dies flight phoenix honolulu,IAB20 Travel,0.49
harris flattered 18yearold,IAB6 Family & Parenting,0.11
harry tonto director paul mazursky dies aged 84,IAB1 Arts & Entertainment,0.18
pediatricians say training help teens avoid knee injuries,IAB12 News,0.15
columbusalivecom,IAB15 Science,0.16
michael strahans good morning america side job confirmed visit,IAB12 News,0.25
tabloid claims kim kanyes wedding guest list,IAB12 News,0.52
sofia vergara joe manganiello new hot hollywood couple,IAB1 Arts & Entertainment,0.3
lg set launch g3 smartphone g watch next month,IAB19 Technology & Computing,0.28
facebooks performing experiments us years limits,IAB24 Uncategorized,0.12
gas prices drop,IAB24 Uncategorized,0.16
using wikipedia look illness bad idea scientists confirm,IAB24 Uncategorized,0.22
mh370 may turned south earlier thought australia,IAB20 Travel,0.25
us concerns brunei sharia penalties,IAB14 Society,0.15
spacex dragon departs space station month,IAB20 Travel,0.56
futures market anticipates jump volatility,IAB24 Uncategorized,0.11
medicare pay hep c screenings baby boomers,IAB14 Society,0.15
amazon says passed apple hulu streaming video usage,IAB19 Technology & Computing,0.15
careful assessment cut unwanted mastectomies study,IAB15 Science,0.16
us preopen futures fall ahead data plosser comments,IAB12 News,0.14
pharrell williams join voice coach season 7,IAB4 Careers,0.12
mit undergraduate get 100 bitcoin,IAB5 Education,0.12
euro asia weak german business confidence,IAB3 Business,0.72
lockheed lands 915 million begin space fence work,IAB20 Travel,0.19
visa inc v mastercard inc fluctuate court ruling debit card,IAB20 Travel,0.43
officials 2nd us case mers reported,IAB12 News,0.57
eu sanctions 15 russian politicians military leaders,"IAB11 Law, Gov’t & Politics",0.15
texas cheerleaders photos dead african animals spark outrage petition,IAB17 Sports,0.33
renown using humor ease discomfort colorectal cancer conversation,IAB12 News,0.11
emirates cancels order 70 airbus a350,IAB20 Travel,0.33
3d bioprinting regenerates vincent van goghs severed ear relatives dna,IAB15 Science,0.27
sony xperia z2 tablet review large android tablets get cool back,IAB14 Society,0.46
indiana officials man treated mers improving,IAB12 News,0.19
significant decline deaths massachusetts health reform,IAB12 News,0.28
highoestrogen contraceptive pills could raise breast cancer risk 50 study,IAB15 Science,0.2
official wwe television staying nbcuniversal,IAB12 News,0.3
chief executive consider position suggests liberal leader james tien,IAB3 Business,0.14
west antarctic ice sheet collapsing,IAB15 Science,0.17
apple cuts mac book pro price rs 11000 india,IAB19 Technology & Computing,0.37
bachelor 2014 news andi dorfman congratulates chris soules,IAB12 News,0.64
spanish bond gain pushes yield eightyear low draghi,IAB12 News,0.13
bachelor recap finale,IAB12 News,0.2
mark carney interest rate hike could sooner expected,IAB12 News,0.18
att purchase directv continues media consolidation trend,IAB3 Business,0.22
forexeuro wallows near lows ecb draghi speech awaited,IAB12 News,0.11
toyota misled cheated customers us says,IAB12 News,0.41
seti astronomers ask congress continued funding alien search say,IAB15 Science,0.39
cdc sleepy drivers hit hay road,IAB20 Travel,0.22
beys sister attacks jay z,IAB6 Family & Parenting,0.22
amazon prime music one million songs free prime subscribers,IAB22 Shopping,0.11
jada stop trash talking willow,IAB24 Uncategorized,0.15
miranda lambert says beyonce worked butt accomplishments,IAB12 News,0.16
chicago among many ill cities pension straits,IAB12 News,0.19
climate report seeks clearer economics,IAB24 Uncategorized,0.27
voice usa season 6 battles round 2 recap live blog 4114,IAB17 Sports,0.36
three mozilla board members resign eichs appointment ceo report,IAB3 Business,0.25
expect developers gather google io,IAB19 Technology & Computing,0.16
lwren scott death mick jagger tells grief rolling stones postpone tour,IAB20 Travel,0.44
trade deficit fy 2013,IAB24 Uncategorized,0.13
game thrones recap trial tyrion lannister,IAB1 Arts & Entertainment,0.13
uber hits back london cabbies,IAB20 Travel,0.22
us doe grants 10m six new rd projects enhance csp technologies,IAB19 Technology & Computing,0.42
intel partners arm chip maker rockchip tablet products,IAB19 Technology & Computing,0.5
sp 500 growth slowing 2014,IAB17 Sports,0.33
beyoncé jay z perform final mrs carter show world tour show video,IAB1 Arts & Entertainment,0.42
vote marquette student national doodle 4 google contest,IAB24 Uncategorized,0.09
vmas 2014 performances beyonce nicki minaj ranked best worst,IAB12 News,0.17
ford profit falls 39 sales edge,IAB3 Business,0.2
thailand gives radar data 10 days plane lost 031814,IAB12 News,0.18
thoughts piketty book phenomenon,IAB16 Pets,0.12
euro weakness continues kiwi 2 ½ year high top forex news,IAB12 News,0.73
best sir mick jagger puts energetic performance first,IAB1 Arts & Entertainment,0.21
us government issues major warning banks hacking alert due,IAB3 Business,0.34
notable mergers acquisitions day 0630 ppg linndvn syk,IAB12 News,0.21
stamp owned killer sets 4th world record,IAB12 News,0.17
10 things didnt know chipotle mexican grill,IAB8 Food & Drink,0.43
imf chief lagarde formal investigation,IAB24 Uncategorized,0.15
closer look facebooks experiment users emotions,IAB24 Uncategorized,0.11
amazons jeff bezos offers update groceries drones,IAB22 Shopping,0.17
mary barra congress six questions gm boss likely face,IAB3 Business,0.23
fox adds batman prequel cuts american idol,IAB12 News,0.7
surface pro 3 thinner lighter powerful,IAB19 Technology & Computing,0.08
teen pregnancy rates drop 50 percent us report says,IAB12 News,0.56
red wine antioxidant fails lengthen lives study,IAB15 Science,0.44
new york times firing jill abramson sexist,IAB12 News,0.75
qualcomm inc qcom issues fy14 earnings guidance,IAB19 Technology & Computing,0.49
twitters stock sinks despite revenue user growth,IAB24 Uncategorized,0.18
apple vs samsung google android cited root 2bn iphone patent,IAB19 Technology & Computing,0.33
watch ford park mustang top empire state building,IAB2 Automotive,0.51
jay z master recordings extortion plot investigated,IAB12 News,0.2
collette misses tony award nod,IAB24 Uncategorized,0.14
frank oceans sophomore album almost finished,IAB1 Arts & Entertainment,0.13
another airline name disappear soon last airtran airways flight set,IAB24 Uncategorized,0.22
iranians arrested happy video reported freed,IAB12 News,0.5
new sunscreen drunk applied,IAB12 News,0.12
heres google io conference good googles stock,IAB19 Technology & Computing,0.4
2014 summer tour dates beyoncé jay z follows,IAB20 Travel,0.29
lay dying singer tim lambesis jailed murder plot,IAB12 News,0.16
sneed new york times abramson episode sounds sour note,IAB12 News,0.43
record store day celebrates indie disc retailers,IAB24 Uncategorized,0.15
oil export green light shakes politics policy,"IAB11 Law, Gov’t & Politics",0.33
yum says china food safety scare hurting kfc pizza hut sales,IAB8 Food & Drink,0.53
samsung unveils new accessories galaxy tab,IAB19 Technology & Computing,0.19
apple launch watch sept 9,IAB19 Technology & Computing,0.13
w african nations scramble prevent spread ebola,IAB12 News,0.21
brandy instagram dwts love maksim chmerkovskiy message post,IAB17 Sports,0.34
christopher yoo thinks net neutralitys end might bad,IAB24 Uncategorized,0.13
consumers interest rates improve home loans,IAB13 Personal Finance,0.38
celebrity news jodie foster marries girlfriend,IAB12 News,0.76
obama pays tribute maya angelou,IAB23 Religion & Spirituality,0.28
piers morgan says goodbye,IAB12 News,0.08
first realistic universe simulation said created,IAB12 News,0.13
consumer alert 18 million pounds ground beef recalled,IAB12 News,0.47
gms barra offers condolences families pledges change,IAB17 Sports,0.65
carney announces bank shakeup,IAB12 News,0.71
skype get realtime speech translation end 2014,IAB20 Travel,0.13
korean financial derivatives market contracts 2013,IAB12 News,0.19
hot movers blackberry ltd nasdaqbbry arena pharmaceuticals inc,IAB3 Business,0.8
2 girard resident arrested marietta meth related charges,IAB12 News,0.2
hypothetically chris christie says bet hed beat hillary clinton matchup,IAB17 Sports,0.11
diane sawyer signs abcs world news anchor,IAB12 News,0.76
inside view shakeup latest scoop rosie elisabeth hasselbeck,IAB12 News,0.52
cowabunga atlas arcade hosting teenage mutant ninja turtles contest,IAB1 Arts & Entertainment,0.5
debt talks fail argentina slides default,IAB13 Personal Finance,0.13
movie legends revealed godzilla originally going giant octopus,IAB24 Uncategorized,0.18
gm ceo apologizes picks safety chief,IAB3 Business,0.26
forex japanese yen slightly weaker ahead retail sales cpi,IAB12 News,0.18
consumer confidence hits 6year high,IAB13 Personal Finance,0.15
students opt electric shock sitting alone thoughts,IAB24 Uncategorized,0.32
tesla gives patents open source movement,IAB24 Uncategorized,0.1
rptecb says euro strengthening would trigger looser monetary policy,IAB3 Business,0.2
seth rogen hope north korea despot kim jongun enjoys watching try,IAB17 Sports,0.19
mystery twitter user hiding money around san francisco,IAB13 Personal Finance,0.16
zac efron seth rogen box office hit bad neighbours makes 51,IAB1 Arts & Entertainment,0.27
five changes make h5n1 bird flu virus transmit among mammals study finds,IAB15 Science,0.32
james franco muppets spoof kim kanye vogue cover,IAB18 Style & Fashion,0.2
irs warns largest ever nationwide phone scam,IAB12 News,0.17
abbvie incs share price acquire shire plc 548 billion seeking,IAB3 Business,0.31
9 sexual harassment cases naked dancing video cause firing,IAB4 Careers,0.22
sector update consumer shares flat higher premarket,IAB13 Personal Finance,0.11
russell stover brings table lindt,IAB8 Food & Drink,0.15
acting va secretary tells senate 176 billion needed fix faltering agency,"IAB11 Law, Gov’t & Politics",0.27
todays exchange rates gb pound selloff euro firms dollar boosted data,IAB3 Business,0.17
chris brown drake espys skit cuts deep mocks violent beef,IAB1 Arts & Entertainment,0.44
google glass goes sale one day april 15,IAB19 Technology & Computing,0.1
htc volantis might last nexus tablet,IAB19 Technology & Computing,0.33
study electronic cigarettes effective nrts,IAB15 Science,0.27
report chelsea handler planning leave e network,IAB20 Travel,0.34
james brown biopic get godfather proud,IAB1 Arts & Entertainment,0.47
red wines benefits may live hype study finds association,IAB15 Science,0.26
game thrones sibel kekilli talks shae meeting maker,IAB1 Arts & Entertainment,0.14
apple reportedly working smart home automation technology,IAB19 Technology & Computing,0.3
samsungs galaxy note 4 gives sneak preview,IAB19 Technology & Computing,0.2
review draft day entertains fails escape shadow better efforts,IAB17 Sports,0.15
german cabinet approves national minimum wage,"IAB11 Law, Gov’t & Politics",0.25
tesla ceo want use technology go ahead photos,IAB19 Technology & Computing,0.09
bachelor 2014 spoilers gets eliminated tonight season 18 finale,IAB12 News,0.29
ftc alleges tmobile billed customers unwanted services,IAB3 Business,0.22
twitter rolls new photos features,IAB1 Arts & Entertainment,0.08
avoid nul points eurovision party valid tv licence,IAB1 Arts & Entertainment,0.17
kim kanyes wedding album baby norths dress bridal party kanye,IAB18 Style & Fashion,0.35
kiefer sutherland responds freddie prinze jrs 24 complaints,IAB12 News,0.11
angelina jolie introduces maleficent,IAB1 Arts & Entertainment,0.16
kourtney khloe kardashian finally get hamptons business summer e,IAB3 Business,0.48
titanfall battlefield hardline youtubes first 60fps videos,IAB12 News,0.13
jon hamms career low working set dresser softcore porn movies,IAB4 Careers,0.27
brooks pull shock system,IAB24 Uncategorized,0.1
review flash boys michael lewis,IAB1 Arts & Entertainment,0.17
king digital stumble causes concern ipo land,IAB24 Uncategorized,0.12
american apparels freshly fired ceo caught dancing nude front,IAB12 News,0.55
halle berry tells david letterman believes aliens think,IAB12 News,0.24
correctedus factory activity growth slows slightly march markit,IAB3 Business,0.64
high court hear dispute tv internet,IAB12 News,0.16
news wrap sony follows microsoft lead unveils playstation strategy,IAB12 News,0.35
skidmore college offers sociology course miley cyrus,IAB14 Society,0.68
positive effects smoking bans,IAB12 News,0.16
stockton agency joins world blood donor day,IAB3 Business,0.15
uae played major role tackling mers global health chiefs say,IAB12 News,0.21
weekend movie preview may 23 2014,IAB1 Arts & Entertainment,0.24
star wars episode vii director offers fans chance part movie,IAB1 Arts & Entertainment,0.36
dancing stars rocks party anthems,IAB1 Arts & Entertainment,0.37
pandora raise subscription prices may,IAB16 Pets,0.13
apple concerned waning iphone sales internal documents reveal,IAB3 Business,0.27
netflix joining lineup 3 us cabletv services ktvn channel 2 reno tahoe,IAB20 Travel,0.1
underwater sound may missing plane,IAB24 Uncategorized,0.18
listen prince releases surprise new single breakdown,IAB12 News,0.18
1 billion plan cisco joins cloud computing race,IAB19 Technology & Computing,0.56
teslas open source business philosophy,IAB3 Business,0.56
mike judge skewers silicon valley satire dreams,IAB1 Arts & Entertainment,0.17
star wars episode vii marks return wookiee,IAB1 Arts & Entertainment,0.29
chipotle mexican grill inc announces first quarter 2014 results,IAB8 Food & Drink,0.51
prints hope merge tmobile gets mixed signals,IAB2 Automotive,0.32
notable 52week highs lows day 0626 aa irm bks high,IAB12 News,0.09
holy week,IAB23 Religion & Spirituality,0.59
captain america stays atop box office transcendence trounced,IAB1 Arts & Entertainment,0.43
snapchat settles ftc dishonest users privacy,IAB19 Technology & Computing,0.22
mapquest offers onetime amazon coins reward,IAB20 Travel,0.1
thomas pikettys answers raise questions,IAB24 Uncategorized,0.09
uk prime minister david cameron says hes playing fair astrazeneca deal,IAB12 News,0.14
ben savage talks cory topangas first kiss relive moment,IAB12 News,0.15
safrica steel engineering strike costs 28 mln dayemployers,IAB3 Business,0.42
lead seoul shares 023 pct ahead samsung electronics announcement,IAB19 Technology & Computing,0.21
nasas kepler telescope discovers first earthsize planet habitable zone,IAB15 Science,0.53
consented facebooks social experiment,IAB14 Society,0.2
brief bank change interest rates icahn calls end paypal spinoff,IAB3 Business,0.49
slightly elevated blood pressure also tied strokes,IAB24 Uncategorized,0.13
diane sawyer steps abc world news anchor replaced david muir,IAB12 News,0.56
facebook fb q1 2014 earnings report revenue surges 72 percent beats,IAB3 Business,0.13
dawn planet apes cgi,IAB20 Travel,0.1
take long view googles earnings miss,IAB19 Technology & Computing,0.21
bachelorette 2014 results tonights elimination andi dorfman picks final three,IAB12 News,0.15
dylan fan shells 2million oneofakind draft like rolling stone,IAB17 Sports,0.24
nyongo fassbender among 271 invited academy membership,IAB12 News,0.16
kim kardashian try another baby,IAB6 Family & Parenting,0.53
siemens mitsubishi finalise alstom offer,IAB2 Automotive,0.4
record store day music fans ears,IAB9 Hobbies & Interests,0.26
netflix pays play verizon,IAB24 Uncategorized,0.09
scramble fix huge heartbleed security bug,IAB19 Technology & Computing,0.18
tesla model adds titanium shield prevent fires,IAB2 Automotive,0.24
sonys project morpheus vr device shape future games claims,IAB14 Society,0.52
nasafunded researchers spot first possible exomoon,IAB15 Science,0.35
galaxy s4 galaxy s3 price drops significantly thanks new model,IAB13 Personal Finance,0.11
random act walmart kindness captures hearts facebookers everywhere,IAB24 Uncategorized,0.21
study backs nonsurgical way fix heart valves,IAB15 Science,0.53
mick jagger pays final tribute lwren scott,IAB1 Arts & Entertainment,0.12
pinterest wins new funding raising valuation 5 billion,IAB13 Personal Finance,0.29
apples 129inch ipad hit production lines early 2015,IAB19 Technology & Computing,0.4
bachelorette review wanna grow old,IAB12 News,0.11
lea michele confronts boyfriend gigolo rumors,IAB12 News,0.26
capt america tops box office third week,IAB1 Arts & Entertainment,0.52
lenovo recalls thinkpad batteries fire hazard,IAB19 Technology & Computing,0.55
pfizer offers legal guarantees astrazeneca bid,IAB16 Pets,0.13
kate middleton recycles outfit order garter ceremony,IAB18 Style & Fashion,0.23
eminem rihanna sing mtv movie awards,IAB1 Arts & Entertainment,0.45
beyonce miley cyrus among time magazines influential,IAB1 Arts & Entertainment,0.18
chai surprise guest oprah announces tea deal starbucks meeting,IAB8 Food & Drink,0.6
tori spelling talks misses dean mcdermott,IAB5 Education,0.1
famous mick jagger,IAB18 Style & Fashion,0.1
china voice soil pollution another alarm chinas development,IAB12 News,0.33
ifthen idina menzel shines new broadway show reviews roundup,IAB1 Arts & Entertainment,0.66
craft store michaels confirms credit card breach,IAB13 Personal Finance,0.19
shia labeouf seeking help alcohol addiction,IAB12 News,0.22
giant ad agency merger deal gets called,IAB3 Business,0.39
china launches probe microsoft orders raids,IAB19 Technology & Computing,0.23
detroit residents plead judge keep pensions benefits intact,"IAB11 Law, Gov’t & Politics",0.19
microsoft completes acquisition nokias devices business,IAB3 Business,0.42
microsoft reverses course vows snoop private content hotmail,IAB19 Technology & Computing,0.21
aereo ruling winners losers analysis,IAB24 Uncategorized,0.1
easter services planned around pinellas,IAB20 Travel,0.22
apple debuts carplay invehicle technology ios 71 release,IAB2 Automotive,0.33
destiny beta xbox one xbox 360 begins july 23,IAB19 Technology & Computing,0.21
sony xperia z2 smartphone review,IAB14 Society,0.54
selena gomez gives postrehab speech lost sight,IAB24 Uncategorized,0.16
us stocks rise earnings deals dollar advances,IAB3 Business,0.24
watch drone take flight oculus rift,IAB19 Technology & Computing,0.12
microsoft 18000 job cuts declaration satya nadella,IAB19 Technology & Computing,0.37
kermit frog plays second fiddle disappointing muppets wanted,IAB16 Pets,0.15
weir group confirms merger bid finnish firm metso,IAB3 Business,0.21
lea michele insists new boyfriend matthew paetz isnt gigolo hes,IAB16 Pets,0.09
ebay asks users change passwords cyberattack,IAB3 Business,0.44
classy amy adams gives firstclass seat serviceman,IAB4 Careers,0.16
illinois committee approves medical marijuana rules,"IAB11 Law, Gov’t & Politics",0.26
biz break los altos hotshot box files 250 million ipo,IAB3 Business,0.65
lincoln gas prices,IAB12 News,0.19
louisville ky named worst us city allergy sufferers,IAB12 News,0.23
dancing stars results winner dwts season 18 tonight,IAB17 Sports,0.38
nokia x2 43inch display launched,IAB19 Technology & Computing,0.2
download update ios 71,IAB19 Technology & Computing,0.11
fresh hot coffee astronauts 350 kms earth,IAB20 Travel,0.4
box office top 20 22 jump street collects 57m,IAB3 Business,0.19
us passenger jet nearly collided drone march faa,IAB20 Travel,0.21
emc snaps twinstrata hybrid cloud push,IAB19 Technology & Computing,0.32
space rocket launch aborted,IAB20 Travel,0.44
ann hornaday defends blaming judd apatow seth rogen rodger rampage,IAB12 News,0.18
yale announces partnership former treasury sec geithner,IAB5 Education,0.35
read jonathan safran foer toni morrison chipotle cups,IAB8 Food & Drink,0.28
radio icon casey kasem dies 82 usa,IAB12 News,0.09
general motors co replaces communications human resources heads amid,IAB2 Automotive,0.52
firing fracking wastewater earth likely triggered oklas many earthquakes,IAB12 News,0.17
jury orders samsung pay apple 120 million,IAB19 Technology & Computing,0.23
applications jobless aid dip 300k,IAB12 News,0.17
hiv aids epidemic tamed globally 2030,IAB12 News,0.15
treasuries10year yields tumble 10month low line germany,IAB12 News,0.11
critics ends fccs net neutrality rules supporters,"IAB11 Law, Gov’t & Politics",0.25
ford puts mustang top empire state building,IAB2 Automotive,0.73
voice live eliminations super eight,IAB17 Sports,0.11
seeing red target ceo whats store,IAB22 Shopping,0.43
developer recreates flappy bird apples new swift programming language,IAB19 Technology & Computing,0.27
us stockstech financials lead market lower sp negative year,IAB3 Business,0.35
toyota pay 12bn penalty safety probe,IAB3 Business,0.21
microsoft cut 18000 jobs overhaul,IAB3 Business,0.33
htc one m8 handson video,IAB19 Technology & Computing,0.2
alzheimers cases could prevented,IAB24 Uncategorized,0.17
stocks alert valeant pharmaceuticals intl inc vrx jazz pharmaceuticals plc,IAB3 Business,0.41
gm offer loaner cars cash smallcar owners,IAB2 Automotive,0.16
verizon galaxy s5 99 via amazon youre willing wait,IAB22 Shopping,0.17
hiv number unchanged since 2012,IAB24 Uncategorized,0.11
wwe money bank predictions,IAB12 News,0.11
mice men lab rodents react differently male researchers female,IAB15 Science,0.3
walmart offer used videogame tradein stores,IAB3 Business,0.2
best buy posts profit costcutting tax benefit,IAB3 Business,0.25
2yearold blue ivy stays way past bedtime watch mom vmas,IAB6 Family & Parenting,0.49
egyptian military backtracks aids cure claims,IAB12 News,0.26
lady gaga tony bennett announce jazz album release date,IAB12 News,0.49
mortgage interest rates dip bbt bank wednesday mar 12,IAB12 News,0.2
apples iphone 6 delayed battery issue report,IAB19 Technology & Computing,0.36
latenight comedian leaving e end year,IAB1 Arts & Entertainment,0.18
tivo goes cordcutters new overair dvr,IAB24 Uncategorized,0.13
un spread polio world health emergency,IAB24 Uncategorized,0.35
new health law insurers target diabetics,IAB12 News,0.23
prompted one estate agent suggest london grip house,IAB21 Real Estate,0.74
ohio gas prices dont move much last week,IAB13 Personal Finance,0.11
china tensions neighbors rise sea,IAB12 News,0.19
hp steps cloud investment,IAB19 Technology & Computing,0.26
kendall jenner billboard music awards best moments,IAB1 Arts & Entertainment,0.14
injuries ecigarettes increase amid rising popularity,IAB12 News,0.12
kerry washington flaunts postbaby body 2014 bet awards see,IAB6 Family & Parenting,0.16
us economy forecasted grow 15 per cent 2014,IAB3 Business,0.13
android wear googles os smartwatches heres need know,IAB19 Technology & Computing,0.23
game thrones season 4 episode 5 recap first name,IAB1 Arts & Entertainment,0.1
inflation falls 15pc easter effect subsides,IAB13 Personal Finance,0.18
carbon fee best climate change option letter,IAB24 Uncategorized,0.13
taxi drivers europe join hands protest uber,IAB20 Travel,0.38
stephen colbert controversy illustrates extreme difference tv,IAB12 News,0.22
new htc one marketing materials start heading verizon stores,IAB12 News,0.21
dollar higher vs euro ecb hints action june,IAB3 Business,0.21
fda proposes rule regulate electronic vapor cigarettes,"IAB11 Law, Gov’t & Politics",0.26
watchdog doctors skimp home health reviews,IAB12 News,0.17
pfizer offer astrazeneca,IAB16 Pets,0.52
china history trusting microsoft cybersecurity,IAB19 Technology & Computing,0.22
revealed lindsay lohans list alist lovers leaked,IAB12 News,0.45
chris pratt talks dramatic guardians galaxy weight loss letterman,IAB6 Family & Parenting,0.16
amazon google others urge fcc fast lanes,IAB19 Technology & Computing,0.19
preview 2015 aston martin vantage gt,IAB12 News,0.16
game thrones tyrions trial finally arrives another tumultuous day,IAB12 News,0.23
photo video nick cannon dons whiteface lame attempt promote new,IAB12 News,0.14
tim hedrick monday evening forecast,IAB12 News,0.35
doctors misdiagnose 1 20 patients see,IAB12 News,0.21
jimmy kimmel asks hillary 2016 gets clinton family selfie instead,IAB6 Family & Parenting,0.11
miley cyrus hospitalized due allergic reaction cancels,IAB12 News,0.21
pakistan bracing polio travel restrictions,IAB20 Travel,0.66
btown actors give thumbs xmen,IAB3 Business,0.37
one direction cocaine hear weedsmoking,IAB9 Hobbies & Interests,0.17
paul walkers brothers fill late actor fast furious 7,IAB1 Arts & Entertainment,0.15
forexdollar ice markets await yellens testimony,IAB12 News,0.16
climate change felt globally risks rising un panel says,IAB12 News,0.17
solarcity surges silveo acquisition,IAB3 Business,0.17
bis brief jersey mikes donate wednesday sales childrens hospital,IAB24 Uncategorized,0.11
churches pack mt sequoyah easter sunrise service,IAB23 Religion & Spirituality,0.41
bank england holds interest rates amid rising housing market,IAB21 Real Estate,0.42
nasa claims find aliens within 20 years,IAB15 Science,0.33
ftc says snapchat deceived customers,IAB3 Business,0.62
experts activate lucid dreams similar dicaprios inception movie,IAB24 Uncategorized,0.15
rob kardashian skips kimye wedding,IAB12 News,0.12
targets board fire advance annual meeting,IAB3 Business,0.3
leavepaulaalone 9 ways robin thickes want paula back campaign,IAB24 Uncategorized,0.13
editorial ruling internet background could damage flow information,IAB24 Uncategorized,0.16
asiana crash hearing focus pilots,IAB12 News,0.26
grant gustins flash goes full frontal,IAB12 News,0.12
future robotics soft squishy,IAB24 Uncategorized,0.14
jay z attacked beyoncés sister video sure looks like,IAB1 Arts & Entertainment,0.13
lorde says curating soundtrack mockingjay part 1 challenging,IAB1 Arts & Entertainment,0.21
tests 4 workers contaminated nm nuke dump,IAB12 News,0.14
e3 xbox one upgrades project spark diy game creator,IAB19 Technology & Computing,0.27
federal reserve weighs credit rules crisis,IAB12 News,0.13
fed transparency boils 16 dots page,IAB24 Uncategorized,0.14
ebola fever killed 59 guinea confirms,IAB12 News,0.15
recalls bring companys total year 48 covering 20,IAB3 Business,0.52
google chromecast expands content lineup,IAB24 Uncategorized,0.08
braless kim kardashian flashes major cleavage plunging neckline,IAB18 Style & Fashion,0.34
american idol finale caleb johnson jena irene claim victory,IAB1 Arts & Entertainment,0.4
superheavy element 117 confirmed heres scientists made,IAB15 Science,0.7
ryan gosling tried get rachel mcadams replaced filming notebook,IAB1 Arts & Entertainment,0.09
china bans windows 8 government use report,IAB19 Technology & Computing,0.17
netapp launches private storage microsoft azure,IAB19 Technology & Computing,0.36
dot strives reduce houston flight delays save fuel,IAB20 Travel,0.28
general mills backpedals consumer lawsuits,IAB3 Business,0.35
ebay says hacked user data stolen,IAB3 Business,0.67
china manufacturing growth returns,IAB3 Business,0.47
launch new russian space rocket aborted,IAB20 Travel,0.25
maine gas prices heading,IAB12 News,0.25
new superheavy element 117 confirmed,IAB12 News,0.59
chris martin gwyneth paltrow bought 14 million home malibu earlier,IAB21 Real Estate,0.24
pictures celebrities team highlight plight living dementia,IAB24 Uncategorized,0.11
adrienne bailon throw kim kardashians sex tape mix,IAB12 News,0.14
health officials reducing risk best tactic west nile virus,IAB12 News,0.18
wunderlich securities speculates possible att deal might affect,IAB3 Business,0.11
google taken wearables industry,IAB24 Uncategorized,0.1
titanfall expedition dlc coming may,IAB12 News,0.21
drew barrymore releases statement following death halfsister,IAB12 News,0.19
captain america tops north american box office second weekend,IAB1 Arts & Entertainment,0.41
microsoft requires office 2013 licensing nonwindows devices,IAB3 Business,0.23
flick wins pulitzer prize drama,IAB1 Arts & Entertainment,0.49
japan june flash manufacturing pmi shows first expansion three months,IAB3 Business,0.33
future internet worrisome web experts,IAB24 Uncategorized,0.23
nsa pretended facebook infect millions computers,IAB19 Technology & Computing,0.29
samsung android wear smartwatches get unique features future,IAB19 Technology & Computing,0.16
fourth july 2014 fireworks cruise events nyc macys celebration,IAB1 Arts & Entertainment,0.32
yellen fed us labor market dynamics,IAB12 News,0.76
hot stocks allergan nyseagn valeant pharmaceuticals intl inc nysevrx,IAB3 Business,0.26
whatsapp founder denies careless reports open data facebook,IAB19 Technology & Computing,0.19
refileupdate 1mt gox says found 200000 bitcoins forgotten wallet,IAB12 News,0.32
record store day 2014 best record store uk,IAB3 Business,0.11
around world,IAB20 Travel,0.38
fed beige book activity labor markets improve regions,IAB3 Business,0.24
obama nominates sylvia matthews burwell health secretary,IAB12 News,0.21
chief justice found teva demonstrated fair prospect,IAB3 Business,0.13
edgar wright quits antman heres would looked like,IAB12 News,0.08
kimye jet ireland secret honeymoon,IAB20 Travel,0.73
remembering michael jackson top 5 favorite video moments,IAB1 Arts & Entertainment,0.14
twitter amazon link shopbytweet function,IAB22 Shopping,0.64
5 california things know friday,IAB12 News,0.28
easyjet beats forecasts eyes organic growth,IAB20 Travel,0.3
stephen arthuro solisreyes charged heartbleedrelated sin theft,IAB12 News,0.16
nonmyeloablative allogeneic hsct shows promise adults sickle cell,IAB24 Uncategorized,0.16
